ID,Subsystem,Part,Specification,Qty,Purpose,Unit price (KRW),Total (KRW),Source,Source URL,Price status (snippet 2026-09-28 / estimate),Lead time,Borrowable,Food zone,Notes,Pre-purchase check (구매 전 확인)
L01,Frame,"알루미늄 프로파일 4080 (슬롯8, 중량) 절단 — Z 이동 기둥만","Z 이동 기둥 550 ×1 = 0.55 m (헤드 브래킷 안으로 50 mm 연장, 교차빔은 합판 교차판 L86)",0.55,Z 이동 기둥 (MGN12 레일 장착 — 금속 유지),40290,22160,부품다모아 (DF4080 중량),https://hitc.kr/shop/item.php?it_id=1589529357,snippet 2026-09-28,국내 1–5일 (추정),No,No,"[공통 조달 C14: 4080 판매처 kg단가 견적 −8,410원(조건부)] [기계 RT1] 0.5 → 0.55 m: 레일 500을 기둥 끝에 맞춰 두 블록이 행정 ±10 mm 여유까지 레일 위에 남게(기계 출력 §4). [기계 합판 하이브리드] 교차빔을 합판으로 바꾸고 Z 기둥만 남김. [조건부 절감 C14: [조건부] 4080 판매처 kg단가 견적 (약 25,000원/m 가정), −8,410원 — 총액 미반영] 검색 결과 DF4080(중량) 40,290원/m (기계 부품 M01)",상품 페이지에서 가격·옵션·VAT·배송비 확인
L02,Frame,[원안·미포함] 알루미늄 프로파일 2040 (슬롯6) 절단,원안: 베이스·타워 다리·수평 타이·베드 틀 9.72 m,0,합판 18T(L86)로 대체,8800,0,옥션 판매자(절단 가공),http://itempage3.auction.co.kr/DetailView.aspx?itemno=B752308206,snippet 2026-09-28,국내 1–5일 (추정),No,No,"[기계 합판 하이브리드] 베이스·A-프레임 타워·베드 틀을 합판 18T로 대체 → 미구매 (원안 85,536원). C14 조건부 절감 중 2040 몫(32,076원)도 소멸",대안·선택 — 구매 안 함
L03,Frame,[원안·미포함] 알루미늄 프로파일 2020 (슬롯6) 절단,원안: 베드 가로대·무릎 가새·가드 틀 2.82 m,0,합판 베드·뒷벽·측판으로 대체,2870,0,동진프로파일 (다아라),https://exhi.daara.co.kr/2020_daara/view.php?idx=264811,snippet 2026-09-28,국내 1–5일 (추정),No,No,"[기계 합판 하이브리드] 옆힘은 합판 뒷벽(격막), 가드 틀은 합판 측판 모서리에 경첩 → 미구매 (원안 8,093원)",대안·선택 — 구매 안 함
L04,Frame,[원안·미포함] 20시리즈 연결 세트 (슬롯6),원안: L브라켓 20 + M5 T너트 40 + M5 볼트 40 / 세트 ×2,0,목재 체결 자재(L88)로 대체,12000,0,알리/국내,,estimate,알리 7–20일 (추정·확인 필요),No,No,"[기계 합판 하이브리드] 20시리즈 프로파일이 없어짐 → 미구매 (원안 24,000원)",대안·선택 — 구매 안 함
L05,Frame,40시리즈 연결 부품 (슬롯8) — Z 기둥용,"M3 슬롯8 T너트 ×10(MGN12 레일), M8 끝단 볼트 ×2(헤드 브래킷, 중심구멍 탭), M5 T너트·볼트 ×4(Z 모터 브래킷)",1,4080 Z 기둥 체결,5000,5000,국내 프로파일몰,https://www.yjprofile.co.kr/goods/goods_view.php?goodsNo=1000000038,estimate,국내 1–5일 (추정),No,No,"[기계 합판 하이브리드] 교차빔–다리 체결 삭제, Z 기둥 체결만 (원안 12,000원) (기계 부품 M04)",견적·상품 확정 후 가격 기입
L06,Frame,[원안·미포함] 각도(피벗) 조인트,원안: 20시리즈용 ×8,0,경사 다리 없음,2000,0,국내/알리,,estimate,국내 1–5일 (추정),No,No,"[기계 합판 하이브리드] 합판 측판(직사각)이라 각도 조인트 불필요 → 미구매 (원안 16,000원)",대안·선택 — 구매 안 함
L07,Frame,M8 볼트 + 고무 패드 (조절 발 대용),4조 — 합판 베이스 리브 끝 4곳,4,베이스 수평,750,3000,국내 프로파일몰,https://hitc.kr/shop/item.php?it_id=1589503877,estimate,국내 1–5일 (추정),No,No,"[기계 합판 하이브리드] 위치만 변경(리브 끝). [기계 합판 하이브리드] 위치만 변경(리브 끝). [기계 합판 하이브리드] 위치만 변경(리브 끝). [절감 적용 C7: 조절 발 → M8 볼트 + 고무 패드, −7,000원]  (기계 부품 M04)",견적·상품 확정 후 가격 기입
L08,Frame,합판 6T (레이저컷용),"600×1200 ×1 — 홀더 외피·팬 턱 받침·뚜껑, 알루미늄판 드릴 템플릿 (베드 데크는 18T L86으로 이동, X 스톱 블록은 18T 자투리)",1,홀더·템플릿,10000,10000,목재 재단몰,https://mol-ding.com/product/%EC%A0%88%EB%8B%A8%ED%8C%90%EB%A7%A4-%EC%9E%90%EC%9E%91%EB%82%98%EB%AC%B4-%ED%95%A9%ED%8C%90%EB%91%90%EA%BB%98%EC%84%A0%ED%83%9D-600mm-x-1200mm/25545/,estimate,국내 1–5일 (추정),Maybe (학교 자재),No,"[기계 합판 하이브리드] 2장 → 1장 (원안 20,000원). 레이저커터 작업 크기에 맞춰 재단 (기계 부품 M16)",견적·상품 확정 후 가격 기입
L86,Frame,구조용 내수 합판 18T 1220×2440 (CP),"1장 전부 사용(재단도: 기계 출력 §10.6): 측판 500×939 ×2, 베이스 1000×560 + 리브 80×1000 ×3, 베드 데크 650×400, 뒷벽 462×580, 교차판 462×270 ×2 + 앞 립 462×90 ×2, 클리트 60폭",1,브리지(측판·교차판·뒷벽)·베이스·베드 — 2040·2020·4080 교차빔 대체,28500,28500,대림목재 단가표 (CP합판 구조용 내수·방수 18T),https://daelimwood.com/category/%ED%95%A9%ED%8C%90%EB%B3%B4%EB%93%9C/331/,snippet 2026-09-28,국내 1–5일 (추정),No,No,"[기계 합판 하이브리드] 검색 결과 CP 구조용 내수·방수 합판 18T 28,500원(1220×2440). 재단 여유 없음 → 판매처 재단(L87). 대형 재단품 배송은 L73 안에서 프로파일 판매처 2곳(L02·L03)을 대체한다고 가정 — 판매처 배송비 확인 필요. 전 면 방수 도장(L90)",상품 페이지에서 가격·옵션·VAT·배송비 확인
L87,Frame,합판 재단비 (판매처 패널쏘),"직선 16컷 (대각 없음, 재단도: 기계 출력 §10.6)",16,L86 재단,1000,16000,"국내 목재 재단 서비스 (검색 요약, 판매처 미특정)",,snippet 2026-09-28,국내 1–5일 (추정),No,No,"[경로 A C16: 공작실 재단 −16,000원 — 원판 1220×2440 그대로 받으면 화물 규격이 더 커짐(길이 2.44 m) → 운반·화물비 확인] [기계 합판 하이브리드] [조건부 절감 C16: [조건부] 공작실 원형톱·테이블쏘로 직접 재단, −16,000원 — 총액 미반영] 판매처별 재단비 확인 필요","상품 페이지에서 가격·옵션·VAT·배송비 확인; 합판 재단 1컷 1,000원, 판매처 미특정"
L88,Frame,목재 체결 자재,"M6 관통볼트·너트·큰 와셔 ×30(Z 클램프 4×2, 받침·브래킷, 셀 마운트), M6 세트스크루 + 잠금너트 ×8(스톱 케이지), M5 인서트 너트 ×30(SBR16), M5·M3 볼트 소량, 목공 나사 4×40 1갑, 내수 목공 본드(D3) 500 g, 2액 에폭시 약 200 g(베딩)",1,금속–나무·나무–나무 체결,25000,25000,국내 철물,,estimate,국내 1–5일 (추정),No,No,"[기계 RT1] 에폭시 베딩(구멍 여유 + 에폭시 충전, 조립 순서는 기계 문서 §9)으로 양 증가, 스톱 케이지 세트스크루 추가. [기계 합판 하이브리드] 나무–나무는 본드 + 나사",견적·상품 확정 후 가격 기입
L89,Frame,[RT1·미포함] 알루미늄 앵글 40×40×4 × 1 m,"Z 블록 마운트 2곳(교차판 앞 가장자리, M6 6개씩), Z 너트 브래킷 받침, KFL08 받침",0,금속–나무 경계 부품,7000,0,국내 금속 재단몰,,estimate,국내 1–5일 (추정),No,No,"[기계 RT1] 다리 외팔 굽힘(+0.05–0.65 mm @ 100 N, Red Team M3) → L20 10T 브래킷으로 대체, 미구매 (원안 7,000원)",대안·선택 — 구매 안 함
L90,Frame,방수 도장 — 수성 우레탄 바니시 0.5 L + 붓,"전 합판 2회, 절단면(마구리) 먼저",1,결로·물방울 대책,9000,9000,국내,,estimate,국내 1–5일 (추정),No,No,[기계 합판 하이브리드] 차가운 팬·스쿱 주변 물방울 → 베드 데크·베이스 상면·측판 안쪽 우선,견적·상품 확정 후 가격 기입
L09,X axis,스테퍼 NEMA17 17HS19-2004S1 (X),"48 mm, 2.0 A, 59 N·cm (검색 결과)",1,"X 베드 구동 (TR8 리드 4, 드래그 30 mm/s)",16457,16457,StepperOnline/eBay,https://www.omc-stepperonline.com/nema-17-bipolar-59ncm-84oz-in-2a-42x48mm-4-wires-w-1m-cable-connector-17hs19-2004s1,snippet 2026-09-28,StepperOnline 국제배송 7–15일 (추정·확인 필요),No,No,검색 결과 US$12.19(판매처가 StepperOnline인지 eBay인지 불명확). 드라이버 전류 ≤ 1.5 A + 팬 (기계 부품 M09),상품 페이지에서 가격·옵션·VAT·배송비 확인
L10,X axis,TR8 리드스크류 리드 4 × 600 + 황동 너트,"Ø8, 2줄(리드 4)",1,X 드래그 구동,12000,12000,싸이피아/알리,https://scipia.com/product/cja-3-8mm-%EB%A6%AC%EB%93%9C%EC%8A%A4%ED%81%AC%EB%A5%98-500mm-%EB%84%88%ED%8A%B8-%EB%B3%BC%EC%8A%A4%ED%81%AC%EB%A5%98-3d%ED%94%84%EB%A6%B0%ED%84%B0/1169/,estimate,국내 1–5일 (추정),No,No,"싸이피아 300/400 mm+너트 11,000원 확인; 600 mm 리드 4 가격 미확인 (기계 부품 M07)",견적·상품 확정 후 가격 기입
L11,X/Z axis,KFL08 플랜지 베어링,8 mm,5,X 3개(모터 쪽 2개 양방향 고정 + 반대쪽 1) + Z 2개,2500,12500,알리/국내,https://www.ebay.com/itm/394728579451,estimate,알리 7–20일 (추정·확인 필요),No,No,검색 결과 이베이 개당 €1.88–2.09 → 국내·알리가 추정 (기계 부품 M07/M08),견적·상품 확정 후 가격 기입
L12,X/Z axis,커플러 5×8 + 축 칼라,"플렉시블 커플러 ×2, 칼라 ×2",1,스크류–모터 연결,6000,6000,알리/국내,,estimate,알리 7–20일 (추정·확인 필요),No,No,(기계 부품 M07/M08),견적·상품 확정 후 가격 기입
L13,X axis,SBR16 지지형 리니어 레일 세트,SBR16 800 mm ×2 + SBR16UU ×4 (US$22.56),1,"X 베드 안내 (레일 ≥ 800, 블록 4)",30456,30456,AliExpress,https://www.aliexpress.com/item/32272272007.html,snippet 2026-09-28,알리 7–20일 (추정·확인 필요),No,No,Chief 결정: MGN12H 800×2(블록 4) 대신 SBR16(더 쌈; 베드 기울기 항 0.001 mm라 영향 작음). 블록 간격 280 mm로 배치 (기계 부품 M05),상품 페이지에서 가격·옵션·VAT·배송비 확인
L14,X axis,[대안·미포함] MGN12 800 mm + MGN12H,"레일 1 + 블록 1 (US$37.2), 2세트 + 블록 2 추가 필요",0,X 안내 대안,50220,0,AliExpress,https://www.aliexpress.com/item/32824493549.html,snippet 2026-09-28,알리 7–20일 (추정·확인 필요),No,No,대안 — 총액 미포함 (기계 부품 M05),대안·선택 — 구매 안 함
L15,Z axis,스테퍼 NEMA17 17HS4401급 (Z),"40 mm, 1.7 A (판매 페이지 사양 확인 필요)",1,"Z 구동 (요구 0.090 N·m @ ≤ 600 rpm, 기계 §4)",6900,6900,11번가,https://www.11st.co.kr/products/5227024745,snippet 2026-09-28,국내 1–5일 (추정),No,No,"[절감 적용 C2: Z 모터 → 17HS4401급 40 mm (Z 요구 0.090 N·m, 기계 §4), −9,557원]  (기계 부품 M09)",상품 페이지에서 가격·옵션·VAT·배송비 확인
L16,Z axis,TR8 리드 2 × 300 + 황동 너트,"Ø8, 1줄, 자립 (브레이크·가스스프링 없음)",1,Z 구동 + 정전 시 자립,5819,5819,AliExpress,https://www.aliexpress.com/item/32808282813.html,snippet 2026-09-28,알리 7–20일 (추정·확인 필요),No,No,표기가는 200–500 mm 옵션 최저가일 수 있음. 정전 유지 시험(기계 §4.5) 조건 (기계 부품 M08),상품 페이지에서 가격·옵션·VAT·배송비 확인
L17,Z axis,MGN12 500 mm + MGN12H,레일 1 + 블록 1 (450 mm US$24.87 검색 결과 + 50 mm 추정),1,Z 안내 (기둥 뒷면 1줄),35075,35075,AliExpress,https://www.aliexpress.com/item/32869717841.html,estimate,알리 7–20일 (추정·확인 필요),No,No,[기계 RT1] 450 → 500: 초판은 C_max + 여유에서 하부 블록이 레일 끝을 13 mm 벗어남(기계 출력 §4). 블록 2개는 교차판 ㄷ자 클램프에 1개씩,견적·상품 확정 후 가격 기입; snippet 450 mm 가격 + 길이 증가분
L18,Z axis,MGN12H 블록 추가,,1,"Z 블록 2개(교차빔마다 1개, 간격 220)",10000,10000,AliExpress,https://www.aliexpress.com/item/1005002153979286.html,estimate,알리 7–20일 (추정·확인 필요),No,No,단품 블록 가격 미확인 (기계 부품 M06),견적·상품 확정 후 가격 기입
L19,Theta axis,스테퍼 + 유성기어 17HS19-1684S-PG27,"NEMA17 48 mm, 26.85:1, 1.68 A; 유지토크 44 또는 52 N·cm(출처 불일치); 기어박스 3 N·m 연속 / 5 N·m 순간",1,스쿱 피치 θ,40730,40730,StepperOnline,https://www.omc-stepperonline.com/nema-17-stepper-motor-bipolar-l-48mm-w-gear-ratio-27-1-planetary-gearbox-17hs19-1684s-pg27,snippet 2026-09-28,StepperOnline 국제배송 7–15일 (추정·확인 필요),No,No,전류 제한으로 출력 ≤ 5 N·m. E0에서 τ_close > 3 N·m이면 교체(기계 C-Gate) (기계 부품 M10),상품 페이지에서 가격·옵션·VAT·배송비 확인
L20,Head,알루미늄판 10T (6061) 절단품 — 헤드 + 프레임·구동 브래킷,"약 0.11 m²(10T 300×400 1장 분량) 블랭크 절단: 헤드 브래킷, θ 모터 마운트, 상부 크랭크 ×2, 하부 레버판 / Z 블록 ㄷ자 클램프 2세트(웹 100×80 + 플랜지 100×40 ×2), Z 너트·Z KFL08 브래킷, Z 모터 마운트, X KFL08 받침 2(직립 70×45 + 발 70×50), X 모터 마운트, X 너트 브래킷, X 셀 받침, 스톱 블록 8, 플랫폼 가로대 300×40",1,헤드·Z 캐리지·프레임 체결부 (3D 프린트 금지 부위),40000,40000,판재 재단 + 템플릿 드릴 / DXF 외주,,estimate,국내 1–5일 (추정),No,No,"[경로 A C17 후보 −10,000원(추정): 판재 블랭크만 사고 공작실에서 절단(절단비 몫, 확인 필요)] [기계 RT1] Red Team M3·H2: 앵글 40×40×4(L89) 대신 10T 브래킷, 누락 품목(X 모터 마운트, X 너트 브래킷, Z 모터 마운트, 플랫폼 가로대) 포함. 구멍은 레이저컷 MDF 템플릿으로 드릴, M5·M3 손 탭. 판매처 절단이 유료면 공작실 절단(원래 C17) 검토 (기계 부품 M11)","견적·상품 확정 후 가격 기입; 무료 정밀절단 판매처 사례: metalmarket 10T 판재 snippet, 가격 미확인"
L21,Head,SK30 축 서포트,Ø30,2,스템 클램프 (60 mm 간격),10382,20764,AliExpress,https://www.aliexpress.com/item/1005001346037258.html,snippet 2026-09-28,알리 7–20일 (추정·확인 필요),No,No,표기가 US$7.69는 SK25/30/35 옵션 중 최저가일 수 있음 → SK30 가격 확인 필요 (기계 부품 M12),상품 페이지에서 가격·옵션·VAT·배송비 확인
L22,Head,로드엔드 M8 강 (하부),"아연도금 강, 드립 우산 아래",2,push-rod 하부 관절,2500,5000,알리/국내,,estimate,알리 7–20일 (추정·확인 필요),No,"Yes (PoC, 시식 없음)","[절감 적용 C8: SUS 로드엔드 → 강 로드엔드 (PoC 한정, V1b에서 SUS 복귀), −17,220원]  (기계 부품 M12)",견적·상품 확정 후 가격 기입
L23,Head,로드엔드 M8 강 (상부),,2,push-rod 크랭크측 관절,2500,5000,알리/국내,,estimate,알리 7–20일 (추정·확인 필요),No,No,(기계 부품 M12),견적·상품 확정 후 가격 기입
L24,Head,핀 Ø8 304 · 플랜지 부싱 · 칼라,한쪽 하부 핀은 긴 구멍 ±0.3 mm,1,피벗·크랭크,8000,8000,국내,,estimate,국내 1–5일 (추정),No,Yes (PoC),(기계 부품 M12),견적·상품 확정 후 가격 기입
L25,Food module,스템 304 튜브 Ø30×3 × 250 + 볼트 캡 + 식품용 실리콘,"절단품, 용접 없음",1,스템 1벌,15000,15000,스텐 파이프 절단몰,https://dspp.co.kr/product/%EC%8A%A4%ED%85%90%ED%8C%8C%EC%9D%B4%ED%94%84-sus304-3t-1m-%EC%A0%88%EB%8B%A8%ED%8C%90%EB%A7%A4/7493/,estimate,국내 1–5일 (추정),No,Yes (PoC),Ø30×3 가격 미확인 (기계 부품 M13),견적·상품 확정 후 가격 기입
L26,Food module,304 환봉 Ø8 × 1 m,push-rod 200 ×2 + Y 인덱스 핀 ×2 절단,1,"이중 push-rod, 인덱스 핀",5200,5200,국내 스텐 환봉 절단몰,https://www.onezaze.com/goods/goods_view.php?goodsNo=1350,estimate,국내 1–5일 (추정),No,Yes (PoC),"검색 결과 8 mm 1 m 약 5,200원(판매처 매칭 불확실) (기계 부품 M13/M16)",견적·상품 확정 후 가격 기입
L27,Food module,아이스크림 스쿱 SUS304,코멧 키친 20호 (형상은 기계 확정),1,스쿱 1 + 예비 1,7990,7990,다나와 최저가,https://m.danawa.com/product/product.html?code=103886402,snippet 2026-09-28,국내 1–5일 (추정),No,Yes,"[절감 적용 C9: 예비 스쿱 제외, −7,990원]  (기계 부품 M14)",상품 페이지에서 가격·옵션·VAT·배송비 확인
L28,Food module,스쿱 클램프·피벗 SUS 볼트류,M5/M6 SUS,1,볼트 체결,5000,5000,국내,,estimate,국내 1–5일 (추정),No,Yes,(기계 부품 M13),견적·상품 확정 후 가격 기입
L29,Sensors,싱글포인트 로드셀 20 kg — 수직 (Seeed 114990097),"2.0±0.15 mV/V, C2, 안전과부하 150 %, 플랫폼 350×350",1,F_z(표면 접촉 3 N) + 팬 질량(portion),12720,12720,아이씨뱅큐,https://www.icbanq.com/P005700352,snippet 2026-09-28,국내 1–5일 (추정),No,No,"용량 판단: 기계안 30 kg 대신 20 kg. 수직 정상하중 ≈ 73 N(팬·홀더·상판) + F_z 50 N ≈ 123 N = 정격 196 N의 63 %. Z 최대 하강력 ~500 N은 30 kg(294 N)도 넘으므로 어느 쪽이든 기계식 스톱이 전제 → 분해능이 좋은 20 kg 선택. 스톱은 정격의 ~110–120 %(215–235 N)에서 닿게: 시작 간극 0.3 mm, 실제 간극은 분동으로 잰 셀 처짐에 맞춰 조정(셀 처짐 < 0.3 mm면 0.3 mm는 너무 큼)",상품 페이지에서 가격·옵션·VAT·배송비 확인
L30,Sensors,싱글포인트 로드셀 50 kg — X 수평 (Seeed 114990100 추정),"2.0±0.15 mV/V, C2, 안전과부하 150 %(= 735 N), 플랫폼 350×350",1,F_x(드래그) — [절감 3 채택: S-빔 50 kg 대체],15100,15100,아이씨뱅큐,https://www.icbanq.com/P005700381,snippet 2026-09-28,국내 1–5일 (추정),No,No,"[Chief 채택: 절감 3] S-빔 대신 바형 셀 수평 장착. 용량 50 kg: F_JAM 329 N = 정격 490 N의 67 % → 스톱 없이도 파손 안 함, 기계식 스톱(간극 0.3 mm에서 시작, 정격 110 % 전에 닿게 조정)은 2중 보호. F_STOP 120 N + 관성 7 N에서는 스톱이 닿지 않아야 함(처짐 측정으로 확인). 판매 페이지 SKU 확인 필요",상품 페이지에서 가격·옵션·VAT·배송비 확인
L31,Sensors,HX711 로드셀 앰프 모듈,"24-bit, 10/80 SPS(RATE 핀), 게인 128",2,셀 2개 각각 채널 A,2750,5500,아이씨뱅큐 (C50),https://www.icbanq.com/P016195862,snippet 2026-09-28,국내 1–5일 (추정),No,No,"Chief 결정: 80 SPS(RATE=DVDD) — 모듈이 RATE를 GND에 묶었으면 패턴 수정. 에일리어싱은 제어 T6에서 확인, 나오면 고무 패드 감쇠",상품 페이지에서 가격·옵션·VAT·배송비 확인
L32,Sensors,Arduino Nano 호환 (CH340),ATmega328P 5 V,1,"HX711 ×2 + MAX31855 + 인터록 스위치 3 + 발판 보조접점 읽기, NPN으로 GRBL 도어·프로브 구동",8700,8700,아이씨뱅큐 (DM63),https://www.icbanq.com/P012409445,snippet 2026-09-28,국내 1–5일 (추정),No,No,,상품 페이지에서 가격·옵션·VAT·배송비 확인
L33,Sensors,X 부동 판스프링 플렉셔 + 과부하 스톱 + 스페이서,"스테인리스 박판 0.5–1 mm 또는 스프링강 띠 ×2, M6 셋스크류 스톱 ×4(수직 2·X 2), 단열 스페이서",1,X 부동 + 셀 보호 — [절감 5 채택: MGN9 150×2 대체],10000,10000,국내,,estimate,국내 1–5일 (추정),No,No,"[Chief 채택: 절감 5] 조건: 플렉셔가 F_x 일부를 가져가므로 현장 교정(도르래 + 무게 잰 물병, 0→120 N 3회). 플렉셔 강성이 셀 강성의 1 % 이하가 되게 얇게. 스톱 간극 0.3 mm에서 시작해 셀 처짐 측정 후 조정 (기계 부품 M15)",견적·상품 확정 후 가격 기입
L92,Sensors,합판 6T 600×1200 (2장째) — 힘 플랫폼 상판,"상판 350×300을 6T 2겹 접착(12 mm), 레이저컷(판스프링·스톱·링크 구멍); 남는 면적은 조립 지그",1,힘 플랫폼 상판 + 조립 지그,10000,10000,목재 재단몰,,estimate,국내 1–5일 (추정),No,No,[기계 RT1] Red Team H2 누락 품목(플랫폼 상판). 가로대는 L20 Al 10T. 방수 도장(L90),견적·상품 확정 후 가격 기입
L93,Sensors,X 셀 링크 — 로드엔드 M6 ×2 + M6 전산볼트 100 + 너트,강 로드엔드(축방향 힘만 전달),1,상판 ↔ X 셀(데크 고정) — 수직 셀에 F_x가 가지 않게,6000,6000,알리/국내,,estimate,알리 7–20일 (추정·확인 필요),No,No,"[기계 RT1] Red Team M7: 병렬 플랫폼(수직 셀은 판스프링 경유, X는 링크로 데크 직결), 스톱 케이지는 데크에",견적·상품 확정 후 가격 기입
L34,Sensors,4심 쉴드 케이블 + 커넥터,"22–24 AWG 4C+실드, JST-XH",1,로드셀 → HX711,8000,8000,국내,,estimate,국내 1–5일 (추정),No,No,"[경로 B F3a 후보 −8,000원: HX711을 셀 옆(베드 위)에 두면 셀 자체 리드선으로 충분 — 셀 리드 길이 확인 조건]",견적·상품 확정 후 가격 기입
L35,Sensors,MAX31855K 열전대 모듈,"K형, 14-bit, 0.25 °C, 판독 −270~+1800 °C",1,팬/아이스크림 온도,11000,11000,아이씨뱅큐 (JK전자),https://www.icbanq.com/P007421215,snippet 2026-09-28,국내 1–5일 (추정),No,No,"[경로 B F1 후보: L35 + L36 제외 −16,350원] 대가: 시험 계획의 재템퍼링 규칙(코어 열전대 ±1 K)·TH-1 48 h 기록·E0 T_cut 로그를 빌린 기준 온도계(L84) 수동 기록으로 대체 → 연속 기록·자동 로그 없음, 판정 시험 온도 증거 약해짐. 권장 순위 낮음 MAX6675는 0 °C 이상만 → 사용 불가. NIST 보정 필요(−14 °C에서 보정 없으면 +1.4–1.5 °C)",상품 페이지에서 가격·옵션·VAT·배송비 확인
L36,Sensors,K형 열전대 프로브 (DFRobot SEN0139),K형,1,팬 표면/아이스크림 온도,5350,5350,아이씨뱅큐,https://www.icbanq.com/P005637307,snippet 2026-09-28,국내 1–5일 (추정),No,Yes (탐침 끝),[경로 B F1 후보(L35와 함께)] 범위·시스·비접지형 여부 확인 필요,상품 페이지에서 가격·옵션·VAT·배송비 확인
L37,Container,젤라토 팬 SUS 360×165×120 (~5 L),아이스크림 전용 1개 (점토는 플라스틱 박스),1,시험 용기 (레인 270 mm),25000,25000,업소용 주방몰,,estimate,국내 1–5일 (추정),No,Yes,"[기계 RT1] C15(GN 1/3 전환) 기각 — 채움 ≤ 120 mm면 레버 547 mm·Z 행정 +30, 거짓 바닥을 넣어도 F_d 114 N에서 1 mm 초과(기계 출력 §6.9). [절감 적용 C6: 점토 전용 팬 → 같은 내부치수 플라스틱 박스, −20,000원] 국내 판매가 확인 못함(검색 결과는 미국 판매처뿐) → 추정. 기계 문서 가정 2–4만 원/개",견적·상품 확정 후 가격 기입
L38,Container,플라스틱 보관 박스 (점토 전용),"내부 약 360×165×120 이상, 뚜껑",1,오일 점토 디버깅 용기 (식품 팬 오염 방지),5000,5000,국내 생활용품점,,estimate,국내 1–5일 (추정),Maybe,No,[절감 적용 C6의 대체품],견적·상품 확정 후 가격 기입
L39,Container,[대안·미포함] 스텐 밧드 GN 1/3 × 150 (325×176×150),"국산, 뚜껑 별도 3,500원",0,"젤라토 팬 대안 (레인 235 mm, 힘 64 N — 기계 확인 필요)",9900,0,주방몰(검색 결과),https://jbonecook.co.kr/product/%EA%B5%AD%EC%82%B0-%EC%8A%A4%ED%85%90%EB%B0%A7%EB%93%9C-4%EC%9D%B8%EC%B9%98-13%EB%B0%A7%EB%93%9C325x176x100/7634/,estimate,국내 1–5일 (추정),No,Yes,"대안 — 총액 미포함. 검색 결과 '6인치 1/3밧드 325×176×150 9,900원' 표기, 상품 URL 확정 못함(링크는 같은 판매처 4인치 상품)",대안·선택 — 구매 안 함
L40,Cold chain,XPS 아이소핑크 50T 900×1800,1장,1,단열 홀더 (하중 받지 않게),9500,9500,비제이건축자재,https://gunjajae.imweb.me/27/?idx=94,snippet 2026-09-28,국내 1–5일 (추정),No,No,근처 건재상 구매 권장 (기계 부품 M16),상품 페이지에서 가격·옵션·VAT·배송비 확인
L41,Cold chain,홀더 접착제·알루미늄 테이프,외피는 합판 6T(L-합판 행),1,홀더 제작,5000,5000,국내,,estimate,국내 1–5일 (추정),No,No,,견적·상품 확정 후 가격 기입
L42,Cold chain,보냉팩 (젤),소형,0,홀더 벽 보냉,1000,0,국내,,estimate,국내 1–5일 (추정),No,No,"[절감 적용 C5: 보냉팩 제외 (XPS 50 + 뚜껑으로 수십 분, 시험 사이 냉동고 복귀), −6,000원]",대안·선택 — 구매 안 함
L43,Control,[옵션 A·확정] Arduino Uno R3 호환 (CH340),"GRBL 1.1h (X, Y→θ, Z), 도어·반전 컴파일 옵션",1,모션 보드 (제어 담당 확정),10500,10500,아이씨뱅큐,https://www.icbanq.com/P011849489,snippet 2026-09-28,국내 1–5일 (추정),No,No,"USB 급전 허용. 마이크로스텝 X·Z 1/4, θ 1/8 (제어 §2.3)",상품 페이지에서 가격·옵션·VAT·배송비 확인
L44,Control,[옵션 A·확정] CNC Shield V3,스텝스틱 4소켓,1,드라이버 베이스,2970,2970,아이씨뱅큐,https://www.icbanq.com/P014407718,snippet 2026-09-28,국내 1–5일 (추정),No,No,,상품 페이지에서 가격·옵션·VAT·배송비 확인
L45,Control,[옵션 A·확정] DRV8825 드라이버 5개 (알리),"최대 45 V, 1/32 스텝 (확인 필요)",1,X·Z·θ + 예비 2,8000,8000,AliExpress,https://www.aliexpress.com/w/wholesale-driver-drv8825.html,estimate,알리 7–20일 (추정·확인 필요),No,No,"[X 1.8 A 운전 — 기계 결정] 방열판 부착 + L51 팬 바람을 드라이버에 직접. Pololu형 검출저항 R100이면 I = 2·Vref → Vref 0.90 V(클론 저항값 확인). Z·θ는 각각 전류 제한(θ 출력 ≤ 5 N·m) [절감 적용 C1: DRV8825를 알리 5개 묶음으로 (기능 동일, 리드타임 +1–3주), −23,900원] 17HS19-2004S1(2.0 A)은 1.5 A 이하 + 방열판·팬으로 운전","견적·상품 확정 후 가격 기입; 묶음에 방열판 포함 여부, 검출저항 표기(R100/R200), 5개 모두 도착 검수(4–5주)"
L46,Control,[옵션 B·미포함] BTT SKR Mini E3 V3.0,"32-bit, TMC2209 ×4 온보드",0,모션 보드 대안,53703,0,AliExpress,https://www.aliexpress.com/item/1005003519869375.html,snippet 2026-09-28,알리 7–20일 (추정·확인 필요),No,No,대안 — 총액 미포함(제어 담당이 GRBL 확정). Klipper는 리눅스 호스트 필요,대안·선택 — 구매 안 함
L47,Control,리미트 스위치 (기계식 엔드스탑) — GRBL,3핀 케이블 포함,4,X 홈·X 끝(D9 병렬)·Z 상단(D12)·θ 홈(D10),1200,4800,아이씨뱅큐,https://www.icbanq.com/P007320876,snippet 2026-09-28,국내 1–5일 (추정),No,No,"[빼지 않음] Z 리밋은 VARIABLE_SPINDLE 기본 시 D12(쉴드 표기와 다름, 제어 §12-10)",상품 페이지에서 가격·옵션·VAT·배송비 확인
L48,Control,인터록 마이크로스위치 — Nano 입력,엔드스탑 모듈 또는 레버 마이크로스위치; 플래그는 3D 프린트,5,"Z-높이(A0), X-창(A1), 레인 위치 3개(−38 / 0 / +38) — Nano 입력 배정은 전자·제어 확인",1200,6000,아이씨뱅큐,https://www.icbanq.com/P007320876,snippet 2026-09-28,국내 1–5일 (추정),No,No,"[기계 RT1] 레인 스위치 1 → 3(어느 구멍인지 확인, DECISIONS 2026-09-28 수동 인덱스 절차). [빼지 않음] 실제 위치를 보는 R7 인터록",상품 페이지에서 가격·옵션·VAT·배송비 확인
L49,Control,NPN 인터페이스 부품,"NPN(2N2222A/2N3904급) ×5; 저항 4.7 kΩ ×2(베이스), 100 kΩ ×6(B–E 2, 되읽기 직렬 2, 컬렉터 풀업 2), 10 kΩ ×2(Uno 쪽 외부 풀업); 10 nF ×2, 0.1 µF ×4; VMOT 감지 분압 47 kΩ + 10 kΩ + 5.1 V 제너; 만능기판 + 단자대",1,"Nano D7→Q1→Uno A1(도어, 발판 NO 직렬), D6→Q2→A5(프로브), A6·A7 선로 되읽기, A5 모터 전원(VMOT) 상태",6000,6000,국내,,estimate,국내 1–5일 (추정),No,No,"[빼지 않음] 제어 §3·§8.5. 전자 수정: 되읽기 직렬저항을 제어안 10 kΩ → **100 kΩ + 10 nF**(Nano 무전원 시 10 kΩ면 A1이 ≈ 3.0 V까지 내려가 ATmega VIH 0.6·VCC 경계 → 허가로 읽힐 위험; 100 kΩ면 ≈ 4.4 V, 계산은 v1l_elec.md §5.4). K1 보조 접점 대신 VMOT 분압으로 모터 전원 상태를 봄(LY2N 2c는 주접점·자기유지로 다 씀; 접점 용착도 드러남). +1,000원","견적·상품 확정 후 가격 기입; ATmega328P VIH·내부 풀업 값(데이터시트), 제어 담당 동의(되읽기 저항값·VMOT 감지)"
L98,Control,발판 케이블 보호관 (주름관 Ø10–13),2 m,1,"허가선(발판) 케이블 바닥 구간 단락 방지 (제어 §3, Red Team M4)",2000,2000,국내,,estimate,국내 1–5일 (추정),No,No,[빼지 않음] 제어 요청,견적·상품 확정 후 가격 기입
L50,Control,[선택·미포함] 24→12 V 강압 모듈 (Uno·Nano VIN 급전),LM2596급,0,USB가 빠져도 보드 유지(제어 §1.1 ⑤),3000,0,국내/알리,,estimate,국내 1–5일 (추정),No,No,선택 — 총액 미포함. 기본은 USB 급전,대안·선택 — 구매 안 함
L51,Control,드라이버 냉각팬 40 mm 24 V + 방열판,,1,드라이버 냉각,4000,4000,국내,,estimate,국내 1–5일 (추정),No,No,[X 1.8 A 조건] DRV8825 냉각 한계 2.2 A의 82 % → 방열판 + 40 mm 팬을 쉴드 바로 위에(3D 프린트 덕트). 팬은 +24V_MOTOR(F2 뒤),"견적·상품 확정 후 가격 기입; 24 V 팬(12 V 아님), 방열판 크기 ≤ 스텝스틱 폭"
L52,Control,"USB 케이블 (Uno B형, Nano mini-B)",,2,노트북 연결,2000,4000,국내,,estimate,국내 1–5일 (추정),No,No,"[경로 B F3b 후보 −4,000원: 팀 보유 USB 케이블 사용]",견적·상품 확정 후 가격 기입
L53,Power,Mean Well LRS-150-24,24 V 6.5 A 156 W,1,모터 전원 + 릴레이 코일,23000,23000,아이씨뱅큐,https://www.icbanq.com/P013749268,snippet 2026-09-28,국내 1–5일 (추정),No,No,[빼지 않음] VAT 포함 여부 확인 필요,상품 페이지에서 가격·옵션·VAT·배송비 확인
L54,Power,AC 인렛 C14 (스위치+퓨즈) + 전원코드 + 지연형 퓨즈,,1,주전원 차단·보호,7000,7000,국내,,estimate,국내 1–5일 (추정),No,No,[빼지 않음],견적·상품 확정 후 가격 기입
L55,Power,DC 인라인 블레이드 퓨즈홀더 ×2 + 퓨즈,"F1 1 A (코일), F2 5 A (모터 버스)",1,24 V 분기 보호,3000,3000,국내,,estimate,국내 1–5일 (추정),No,No,[빼지 않음],견적·상품 확정 후 가격 기입
L56,Power,배선 자재,"실리콘선 18AWG, 22AWG, XH/듀폰, 페룰, 수축튜브, 단자대",1,전원·신호 배선,20000,20000,국내,,estimate,국내 1–5일 (추정),No,No,,견적·상품 확정 후 가격 기입
L57,Power,케이블 체인 10×10 1 m (베드),"오픈형 (기계는 10×15 권장, 가격 확인 필요)",1,이동 베드 USB,6800,6800,11번가,https://www.11st.co.kr/products/5654087372,snippet 2026-09-28,국내 1–5일 (추정),No,No,(기계 부품 M19),상품 페이지에서 가격·옵션·VAT·배송비 확인
L58,Power,스파이럴 튜브 (Z·θ 서비스 루프),"Ø10–15, 1 m",1,Z 기둥 모터선,2000,2000,국내,,estimate,국내 1–5일 (추정),No,No,"[절감 적용 C3: Z·θ 체인 → 스파이럴 튜브 서비스 루프 (Z 행정 195 mm), −4,800원]  (기계 부품 M19)",견적·상품 확정 후 가격 기입
L59,Safety,비상정지 스위치 22Φ 버섯형 1NO1NC + 박스,회전 해제형,1,범주 0: 모터 전원 차단,18300,18300,파츠-파츠/알파이플러스 목록,https://parts-parts.co.kr/category/%EB%B9%84%EC%83%81%EC%A0%95%EC%A7%80-%EC%8A%A4%EC%9C%84%EC%B9%98/199/,estimate,국내 1–5일 (추정),No,No,"[빼지 않음] 목록가 13,200–28,200원",견적·상품 확정 후 가격 기입
L60,Safety,제어 릴레이 K1 LY2N-DC24 + 소켓,2c,1,E-stop → 모터 24 V 개폐 + 자기유지,10000,10000,엘레파츠,https://eleparts.co.kr/goods/view?no=370273,estimate,국내 1–5일 (추정),No,No,[제어 'K1 보조 접점 → Nano' 요청은 VMOT 분압(L49)으로 대체] LY2N 2c = 주접점 1 + 자기유지 1. 릴레이 접점으로 꼭 해야 하면 LY4N(4c)로 바꿈(가격 확인 필요) [빼지 않음] 접점 DC 정격 확인 필요,견적·상품 확정 후 가격 기입
L61,Safety,리셋(기동) 푸시버튼 22Φ NO,,1,자동 재기동 방지,3000,3000,국내,,estimate,국내 1–5일 (추정),No,No,[빼지 않음],견적·상품 확정 후 가격 기입
L62,Safety,Hold-to-run 발판 스위치,"KACON HRF-MD2 (1a1b, 알루미늄) — 허가선용 NO + 보조 접점(Nano D8)",1,"허가선: 발판 NO와 Nano NPN 직렬 → Uno A1(도어), 보조 접점 → Nano A3(기록)",8030,8030,옥션 (카콘 HRF-MD2),http://itempage3.auction.co.kr/DetailView.aspx?itemno=B288484049,snippet 2026-09-28,국내 1–5일 (추정),No,No,"[빼지 않음] 2회로 확인 시도: 검색 결과 HRF-MD2 1a1b 8,030원(옥션 snippet), MD3 9,540원, MD4 8,550원 — 두 접점이 **독립 회로인지(전환형 C-NO-NC면 부적합)** 확인 못함. 전환형이면 보조 접점 대신 Nano가 A6 되읽기로 발판 상태를 추정(제어 §8.5)하거나 마이크로스위치 1개를 페달에 덧댐(+1,200)","상품 페이지에서 가격·옵션·VAT·배송비 확인; 데이터시트에서 접점 구성(1a1b 독립 2회로 vs 전환형), 정격, 케이블 길이"
L63,Safety,가드 정면 창 투명 아크릴 3T 재단 470×520,"1장, 경첩 (옆면은 합판 측판 L86이 가드 겸용)",1,브리지 정면 관찰창 (측면은 합판 측판),15000,15000,도매꾹,https://mobile.domeggook.com/49771430?market=dome,estimate,국내 1–5일 (추정),No,No,"[기계 RT1] 창 하단을 팬 테두리 + 130으로 올려(홀더 상면과 끼임 간격 ≥ 100 mm, 기계 문서 §8) 창이 462×510으로 줄어듦. X 나사 끝·Z 커플러 덮개는 3D 프린트(L66). [빼지 않음] 학교 레이저커터로 가공 (기계 부품 M18)","견적·상품 확정 후 가격 기입; snippet 900×600 27,600원의 면적 비례 + 재단비"
L64,Safety,가드 경첩·손잡이·고정구,정면 창 경첩 1조 + 손잡이 + 자석 캐치,1,정면 창 설치,4000,4000,국내,,estimate,국내 1–5일 (추정),No,No,[기계 합판 하이브리드] 정면 창용. [빼지 않음] (기계 부품 M18),견적·상품 확정 후 가격 기입
L65,Misc,볼트·너트·와셔 세트,"M3–M8, 식품영역 SUS",1,프로파일 외 조립,20000,20000,국내,,estimate,국내 1–5일 (추정),No,No,,견적·상품 확정 후 가격 기입
L66,Misc,PETG 필라멘트 1 kg (eSUN),1.75 mm,1,"컵 받침, 스위치 마운트, 케이블 가이드, 드립 우산, Z 손잡이",21700,21700,다나와 최저가,https://prod.danawa.com/info/?pcode=4908695,snippet 2026-09-28,국내 1–5일 (추정),No,No,"[경로 B F2: PLA+로 −810원 — eSUN PLA+ 20,890원(다나와 snippet). 저온에서 PLA가 더 취성 → 권하지 않음] [조건부 절감 C13: [조건부] 필라멘트 학교 지급 (기계 M17), −21,700원 — 총액 미반영]  (기계 부품 M17)",상품 페이지에서 가격·옵션·VAT·배송비 확인
L67,Misc,종이컵 (시험용),약 50개,1,배출 목표,5000,5000,국내,,estimate,국내 1–5일 (추정),No,Yes,"[경로 B F3f 후보 −3,000원: 종이컵 50개 마트가]",견적·상품 확정 후 가격 기입
L68,Misc,그리스·나사고정제,,1,조립 소모품,4000,4000,국내,,estimate,국내 1–5일 (추정),No,No,"[절감 적용 C4: 탭·드릴 비트는 공작실 것 사용 (그리스·나사고정제만 구매), −6,000원]  (기계 부품 M20)",견적·상품 확정 후 가격 기입
L69,Test consumables,하드 아이스크림 라벨리 바닐라 4 L 벌크,"4 L × 3 — 새 제품: E0 1통(원포장) + CG2 1.65통; DBG·배출 50회·CC·재시험은 회수·재포장 재사용 (시험 계획 §2, DECISIONS)",3,"판정 시험(E0, CG2) + 재사용 풀 (시식 없음·폐기)",21800,65400,다나와 최저가 (라벨리 바닐라 4 L),https://prod.danawa.com/info/?pcode=5353300,snippet 2026-09-28,국내 1–3일 냉동배송 (추정),No,Yes,"[C12 철회 — 시험 계획 3통] 1통 ≈ 13.3 portion(ρ 0.65 kg/L A07, 수율 59 %, 시험 계획 §2.1; 이전 비고의 '20 portion'은 틀림). 냉동 배송비 5,000원(다나와 snippet)은 L73. 5 L 업소용은 식품유형 미확인이라 쓰지 않음(DECISIONS). SSG 23,390원이면 +4,770원","상품 페이지에서 가격·옵션·VAT·배송비 확인; 3통을 한 주문·냉동 1건으로(배송비가 통당인지 주문당인지), 식품유형 '아이스크림' 라벨, 용기 치수(시험 계획 §2.4)"
L70,Test consumables,오일 점토 (유토),팬 바닥 폼 스페이서 + 점토층 ~30 mm,2,디버깅 모사재,10000,20000,화방,https://www.homi.co.kr/mobile/m_goods_detail.php?ps_ctid=12020200&ps_goid=4467,estimate,국내 1–5일 (추정),No,No,"[경로 B F3h 후보 −10,000원: 점토 1 kg — 디버깅·G-Clay 층이 얇아짐(판정 무관)] [절감 적용 C10: 점토 3 kg → 2 kg, −10,000원]",견적·상품 확정 후 가격 기입
L71,Test consumables,위생·청소 소모품,"니트릴 장갑, 키친타월, 세정제",1,시험 위생,10000,10000,국내,,estimate,국내 1–5일 (추정),No,No,"[경로 B F3e 후보 −5,000원: 장갑·키친타월만]",견적·상품 확정 후 가격 기입
L72,Test consumables,교정 하중 (분동 대용),"2 L 생수 ×7 (≈14.3 kg, 빌린 주방 저울로 개별 계량) + 소형 도르래 + 끈 + S고리",1,"셀 교정(수직·X), 스쿱 끝 강성 M1(0→120 N), Z 정전 유지 시험 +5 kg",9000,9000,국내,,estimate,국내 1–5일 (추정),No,No,"[경로 B F3c 후보 −5,000원: 빈 페트병 + 수돗물(주방 저울로 계량), 도르래·끈·S고리만 구매] [기계 RT1] 6 → 7병: 1.1 × F_STOP 132 N + 도르래 마찰 5 %(가정) → 14.2 kg 필요(기계 출력 §6.8). 푸시풀 게이지 대신. X 셀은 도르래로 수평 하중",견적·상품 확정 후 가격 기입
L94,Test consumables,디지털 행잉 저울 (peak hold),"≥ 20 kg, 10 g 단위",1,"E0 닫기 토크(150 mm 레버), T-μ 역구동 힘",8000,8000,국내,,estimate,국내 1–5일 (추정),Maybe (푸시풀 게이지를 빌리면 불필요),No,[시험 계획 §2.5 신규] 물병 1–5 kg로 교정(시험 계획 확인 필요 #14),"견적·상품 확정 후 가격 기입; peak hold 기능, 분해능"
L95,Test consumables,속도 게이트 마이크로스위치,엔드스탑 모듈 (L47과 같은 품목),2,E0 평균 드래그 속도 (150 mm 간격),1200,2400,아이씨뱅큐,https://www.icbanq.com/P007320876,snippet 2026-09-28,국내 1–5일 (추정),No,No,[시험 계획 §2.5 신규] E0 기간에만 Nano A2·A3(레인 스위치 설치 전)에 임시 연결. D11은 하드웨어 SPI에서 MOSI 출력이 되므로 입력으로 쓰지 않음,상품 페이지에서 가격·옵션·VAT·배송비 확인; L47과 한 주문
L96,Test consumables,지퍼백·보관 용기,"식품용, 재포장·칩 회수",1,재사용 풀 회수·재포장 (DECISIONS: 배출 시험 재사용 허용),5000,5000,국내 마트,,estimate,국내 1–5일 (추정),No,Yes,"[시험 계획 §2.5 신규] [경로 B F3d 후보 −5,000원: 가정용 용기 재사용]",견적·상품 확정 후 가격 기입
L97,Test consumables,식품용 랩,,1,팬·재포장 표면 보호,2000,2000,국내 마트,,estimate,국내 1–5일 (추정),No,Yes,[시험 계획 §2.5 신규],견적·상품 확정 후 가격 기입
L73,Shipping,배송비,판매처별 재산정: 국내 19건(방문 구매 제외) + 알리 묶음 + StepperOnline 1건 — 표는 v1l_elec.md §7.2,1,R8: 배송비 포함,104400,104400,-,,estimate,-,No,No,"[재산정 2026-09-28: 50,000 → 104,400원, Red Team H2] 가장 큰 항: 합판·XPS 화물 15,000(추정), StepperOnline 20,000(추정), 아이스크림 냉동 5,000(snippet). [공통 조달 C18(조건부) −25,000원: 판매처 줄이기 — Z 모터·체인을 아이씨뱅큐로, 발판+안전 부품 한 곳, 아크릴+알루미늄 한 레이저 절단소, 소품은 무료배송 기준 이상 한 몰, StepperOnline은 알리 공식 스토어(무료배송 표기, X 모터 US$17.92 snippet → 물품가 +7,736)]","견적·상품 확정 후 가격 기입; 판매처별 배송비·무료배송 기준, 화물 착불 견적(건재상), StepperOnline 장바구니 운임"
L74,Contingency,예비비,≥ 10만 원 (가능하면 15만),1,가격 변동·파손·추가 부품,100000,100000,-,,n/a (allowance),-,No,No,,쓰는 순서는 시험 계획 §5 (트리거 발생 시에만)
L75,Borrowed (0원),학생 노트북,USB 2포트 이상,1,호스트,0,0,학교/팀 보유,,n/a (borrowed/owned),-,Yes,No,힘 측정 중 배터리 구동 권장,대여 가능 여부·기간 확인
L76,Borrowed (0원),냉동고 (체스트형),보관·템퍼링,1,−14 °C 템퍼링,0,0,학교/팀 보유,,n/a (borrowed/owned),-,Yes,No,빌림 0원 가정,대여 가능 여부·기간 확인
L77,Borrowed (0원),멀티미터,,1,"배선 검사, HX711 여기전압·드라이버 Vref",0,0,학교/팀 보유,,n/a (borrowed/owned),-,Yes,No,,대여 가능 여부·기간 확인
L78,Borrowed (0원),납땜 장비,,1,헤더·커넥터,0,0,학교/팀 보유,,n/a (borrowed/owned),-,Yes,No,,대여 가능 여부·기간 확인
L79,Borrowed (0원),3D 프린터,FDM,1,비하중 부품,0,0,학교/팀 보유,,n/a (borrowed/owned),-,Yes,No,,대여 가능 여부·기간 확인
L80,Borrowed (0원),레이저 커터,≤ 6 mm 합판·아크릴,1,데크·홀더·가드·템플릿,0,0,학교/팀 보유,,n/a (borrowed/owned),-,Yes,No,,대여 가능 여부·기간 확인
L81,Borrowed (0원),공구,"드릴, 탭 핸들, 육각렌치, 스퀘어",1,조립·탭 가공,0,0,학교/팀 보유,,n/a (borrowed/owned),-,Yes,No,R9,대여 가능 여부·기간 확인
L82,Borrowed (0원),주방 저울,1 g 단위,1,물병 교정 하중 계량,0,0,학교/팀 보유,,n/a (borrowed/owned),-,Yes,No,"M1급 분동 구매 시 1 kg 35,200원(11번가 검색 결과 http://m.11st.co.kr/products/m/1799706016)",대여 가능 여부·기간 확인
L83,Borrowed (0원),다이얼 게이지 + 마그네틱 베이스,0.01 mm,1,"스쿱 끝 강성 M1, 레일 직각",0,0,학교/팀 보유,,n/a (borrowed/owned),-,Yes,No,학과 공작실·실험실에서 대여,대여 가능 여부·기간 확인
L84,Borrowed (0원),기준 온도계,±0.5 °C급,1,열전대 오프셋 교정,0,0,학교/팀 보유,,n/a (borrowed/owned),-,Yes,No,,대여 가능 여부·기간 확인
L85,Borrowed (0원),푸시풀 게이지,(사지 않음),1,힘 플랫폼·물병 하중으로 대체,0,0,학교/팀 보유,,n/a (borrowed/owned),-,Yes,No,빌릴 수 있으면 교차 검증,대여 가능 여부·기간 확인
SUM-A,합계,C1–C11 적용 전 구매+배송,,,,,1122988,,,,,,,C12(아이스크림 2통)는 시험 계획 3통으로 철회,
SUM-B,합계,"기준 구매+배송 (C1–C11 적용, 경로 절감 전)",,,,,988721,,,,,,,"R8 여유 -88,721원 (구매+배송 ≤ 900,000 기준)",
SUM-C,합계,예비비,,,,,100000,,,,,,,"≥ 100,000 유지 (DECISIONS R8 회계)",
SUM-D,합계,기준 총액 (SUM-B + 예비비),,,,,1088721,,,,,,,"R8 100만 대비 -88,721원",
SUM-PA,합계,"경로 A 구매+배송 (C13 + C16 + C17, 학교 자원 — 성원님 확인)",,,,,941021,,,,,,,"R8 여유 -41,021원 (구매+배송 ≤ 900,000 기준)",
SUM-PA-T,합계,경로 A 총액 (+예비비),,,,,1041021,,,,,,,"-41,021원",
SUM-PA+,합계,경로 A + 공통 조달(C14 + C18) 구매+배송,,,,,907611,,,,,,,"R8 여유 -7,611원 (구매+배송 ≤ 900,000 기준)",
SUM-PA+-T,합계,경로 A + 공통 조달 총액,,,,,1007611,,,,,,,"-7,611원",
SUM-PB,합계,"경로 B 구매+배송 (F1 + F2 + F3, 학교 자원 없이)",,,,,931561,,,,,,,"R8 여유 -31,561원 (구매+배송 ≤ 900,000 기준)",
SUM-PB-T,합계,경로 B 총액 (+예비비),,,,,1031561,,,,,,,"-31,561원",
SUM-PB+,합계,경로 B + 공통 조달(C14 + C18) 구매+배송,,,,,898151,,,,,,,"R8 여유 +1,849원 (구매+배송 ≤ 900,000 기준)",
SUM-PB+-T,합계,경로 B + 공통 조달 총액,,,,,998151,,,,,,,"+1,849원",
SUM-PAB,합계,경로 A + B (공통 조달 없이) 구매+배송,,,,,883861,,,,,,,"R8 여유 +16,139원 (구매+배송 ≤ 900,000 기준)",
SUM-PAB-T,합계,경로 A + B 총액,,,,,983861,,,,,,,"+16,139원",
SUM-REC,합계,권장: 경로 A + C14 + C18 + F3a·b·c·e·f (온도 기록·점토 유지) 구매+배송,,,,,882611,,,,,,,"R8 여유 +17,389원 (구매+배송 ≤ 900,000 기준)",
SUM-REC-T,합계,권장 조합 총액,,,,,982611,,,,,,,"+17,389원",
