t_ms,nano_ms,state,event,X,Z,theta,Fx,Fz,grbl,flags,lane_y,Z0,d_cmd,note
0,,HOME,ENTER_HOME,0.00,0.00,0.0,,,Unknown,,,,,
18,,HOME,TX,150.00,90.00,20.0,,,Alarm,,,,,$H
38,38,HOME,,150.00,90.00,20.0,0.08,-0.04,Alarm,242,,,,
88,88,HOME,,150.00,90.20,20.0,0.03,0.11,Home,242,,,,
138,138,HOME,,150.00,90.92,20.0,-0.01,-0.10,Home,242,,,,
188,188,HOME,,150.00,91.67,20.0,-0.02,0.00,Home,242,,,,
238,238,HOME,,150.00,92.42,20.0,0.07,-0.07,Home,242,,,,
288,288,HOME,,150.00,93.17,20.0,0.01,-0.01,Home,242,,,,
338,338,HOME,,150.00,93.92,20.0,0.03,-0.00,Home,242,,,,
388,388,HOME,,150.00,94.67,20.0,-0.03,0.06,Home,242,,,,
438,438,HOME,,150.00,95.42,20.0,0.00,0.04,Home,242,,,,
488,488,HOME,,150.00,96.17,20.0,-0.01,-0.13,Home,242,,,,
537,537,HOME,,150.00,96.96,20.0,-0.07,-0.06,Home,242,,,,
587,587,HOME,,150.00,97.74,20.0,-0.00,0.01,Home,242,,,,
637,637,HOME,,150.00,98.53,20.0,0.05,-0.01,Home,242,,,,
687,687,HOME,,150.00,99.32,20.0,0.06,0.01,Home,242,,,,
737,737,HOME,,150.00,99.96,20.0,0.06,-0.00,Home,242,,,,
787,787,HOME,,149.57,100.00,20.0,0.03,-0.05,Home,242,,,,
837,837,HOME,,148.78,100.00,20.0,0.01,0.01,Home,242,,,,
887,887,HOME,,147.99,100.00,20.0,0.02,-0.08,Home,242,,,,
937,937,HOME,,147.21,100.00,20.0,-0.04,0.06,Home,242,,,,
987,987,HOME,,146.42,100.00,20.0,-0.01,0.11,Home,242,,,,
1037,1037,HOME,,145.63,100.00,20.0,0.02,-0.01,Home,242,,,,
1087,1087,HOME,,144.84,100.00,20.0,-0.00,-0.12,Home,242,,,,
1137,1137,HOME,,144.06,100.00,20.0,0.03,-0.08,Home,242,,,,
1187,1187,HOME,,144.06,100.00,20.0,0.07,-0.05,Home,242,,,,
1237,1237,HOME,,143.27,100.00,20.0,0.04,-0.05,Home,242,,,,
1287,1287,HOME,,142.48,100.00,20.0,0.01,-0.02,Home,242,,,,
1337,1337,HOME,,141.69,100.00,20.0,0.02,-0.01,Home,242,,,,
1387,1387,HOME,,140.91,100.00,20.0,0.00,-0.02,Home,242,,,,
1437,1437,HOME,,140.12,100.00,20.0,0.05,0.09,Home,242,,,,
1487,1487,HOME,,139.33,100.00,20.0,-0.00,-0.01,Home,242,,,,
1537,1537,HOME,,138.54,100.00,20.0,0.00,0.10,Home,242,,,,
1587,1587,HOME,,137.76,100.00,20.0,-0.04,0.10,Home,242,,,,
1637,1637,HOME,,136.97,100.00,20.0,-0.03,0.01,Home,242,,,,
1687,1687,HOME,,136.18,100.00,20.0,0.01,-0.03,Home,242,,,,
1737,1737,HOME,,135.39,100.00,20.0,-0.10,0.07,Home,242,,,,
1787,1787,HOME,,134.61,100.00,20.0,0.09,-0.03,Home,242,,,,
1837,1837,HOME,,133.82,100.00,20.0,-0.10,-0.05,Home,242,,,,
1887,1887,HOME,,133.03,100.00,20.0,-0.07,-0.06,Home,242,,,,
1937,1937,HOME,,132.24,100.00,20.0,-0.01,0.03,Home,242,,,,
1987,1987,HOME,,131.46,100.00,20.0,0.02,-0.04,Home,242,,,,
2037,2037,HOME,,130.67,100.00,20.0,-0.08,0.09,Home,242,,,,
2087,2087,HOME,,129.88,100.00,20.0,-0.03,-0.03,Home,242,,,,
2137,2137,HOME,,129.09,100.00,20.0,0.02,0.03,Home,242,,,,
2187,2187,HOME,,128.31,100.00,20.0,0.04,-0.01,Home,242,,,,
2237,2237,HOME,,128.31,100.00,20.0,0.14,0.06,Home,242,,,,
2287,2287,HOME,,127.52,100.00,20.0,0.06,-0.06,Home,242,,,,
2337,2337,HOME,,126.73,100.00,20.0,0.03,-0.05,Home,242,,,,
2387,2387,HOME,,125.94,100.00,20.0,0.03,-0.03,Home,242,,,,
2437,2437,HOME,,125.16,100.00,20.0,0.02,0.02,Home,242,,,,
2487,2487,HOME,,124.37,100.00,20.0,0.04,0.09,Home,242,,,,
2537,2537,HOME,,123.58,100.00,20.0,0.03,-0.06,Home,242,,,,
2587,2587,HOME,,122.79,100.00,20.0,-0.01,-0.01,Home,242,,,,
2637,2637,HOME,,122.01,100.00,20.0,-0.03,-0.03,Home,242,,,,
2687,2687,HOME,,121.22,100.00,20.0,-0.05,-0.04,Home,242,,,,
2737,2737,HOME,,120.43,100.00,20.0,-0.03,-0.02,Home,242,,,,
2787,2787,HOME,,119.64,100.00,20.0,0.09,-0.01,Home,242,,,,
2837,2837,HOME,,118.86,100.00,20.0,-0.00,-0.01,Home,242,,,,
2887,2887,HOME,,118.07,100.00,20.0,-0.01,0.05,Home,242,,,,
2937,2937,HOME,,117.28,100.00,20.0,-0.02,0.07,Home,242,,,,
2987,2987,HOME,,116.49,100.00,20.0,0.04,-0.02,Home,242,,,,
3037,3037,HOME,,115.71,100.00,20.0,-0.00,0.06,Home,242,,,,
3087,3087,HOME,,114.92,100.00,20.0,0.12,0.08,Home,242,,,,
3137,3137,HOME,,114.13,100.00,20.0,-0.03,0.00,Home,242,,,,
3187,3187,HOME,,113.34,100.00,20.0,0.10,0.09,Home,242,,,,
3237,3237,HOME,,112.56,100.00,20.0,0.03,0.07,Home,242,,,,
3287,3287,HOME,,112.56,100.00,20.0,-0.07,0.13,Home,242,,,,
3337,3337,HOME,,111.77,100.00,20.0,0.07,-0.02,Home,242,,,,
3387,3387,HOME,,110.98,100.00,20.0,0.03,0.02,Home,242,,,,
3437,3437,HOME,,110.19,100.00,20.0,0.04,-0.07,Home,242,,,,
3487,3487,HOME,,109.41,100.00,20.0,-0.03,-0.03,Home,242,,,,
3537,3537,HOME,,108.62,100.00,20.0,0.00,0.01,Home,242,,,,
3587,3587,HOME,,107.83,100.00,20.0,-0.03,0.07,Home,242,,,,
3637,3637,HOME,,107.04,100.00,20.0,0.01,0.01,Home,242,,,,
3687,3687,HOME,,106.26,100.00,20.0,0.04,-0.04,Home,242,,,,
3737,3737,HOME,,105.47,100.00,20.0,-0.00,-0.01,Home,242,,,,
3787,3787,HOME,,104.68,100.00,20.0,-0.04,0.02,Home,242,,,,
3837,3837,HOME,,103.89,100.00,20.0,0.04,-0.01,Home,242,,,,
3887,3887,HOME,,103.11,100.00,20.0,-0.03,0.01,Home,242,,,,
3937,3937,HOME,,102.32,100.00,20.0,0.09,0.03,Home,242,,,,
3987,3987,HOME,,101.53,100.00,20.0,-0.00,0.02,Home,242,,,,
4037,4037,HOME,,100.78,100.00,20.0,0.10,-0.03,Home,242,,,,
4087,4087,HOME,,100.03,100.00,20.0,0.05,0.02,Home,242,,,,
4137,4137,HOME,,99.28,100.00,20.0,0.01,-0.03,Home,242,,,,
4187,4187,HOME,,98.53,100.00,20.0,-0.05,-0.01,Home,242,,,,
4237,4237,HOME,,97.78,100.00,20.0,-0.01,-0.02,Home,242,,,,
4287,4287,HOME,,97.03,100.00,20.0,-0.01,0.07,Home,242,,,,
4337,4337,HOME,,96.28,100.00,20.0,-0.05,-0.01,Home,242,,,,
4387,4387,HOME,,95.53,100.00,20.0,-0.02,-0.02,Home,242,,,,
4437,4437,HOME,,94.78,100.00,20.0,0.07,-0.02,Home,242,,,,
4488,4488,HOME,,94.03,100.00,20.0,-0.01,0.04,Home,242,,,,
4538,4538,HOME,,93.28,100.00,20.0,0.06,-0.07,Home,242,,,,
4588,4588,HOME,,92.53,100.00,20.0,0.10,0.00,Home,242,,,,
4638,4638,HOME,,91.78,100.00,20.0,-0.03,0.02,Home,242,,,,
4688,4688,HOME,,91.03,100.00,20.0,0.01,0.00,Home,242,,,,
4738,4738,HOME,,90.28,100.00,20.0,-0.04,0.06,Home,242,,,,
4788,4788,HOME,,89.53,100.00,20.0,-0.07,0.03,Home,242,,,,
4838,4838,HOME,,88.78,100.00,20.0,0.04,0.04,Home,242,,,,
4888,4888,HOME,,88.03,100.00,20.0,-0.09,0.07,Home,242,,,,
4938,4938,HOME,,87.28,100.00,20.0,-0.07,0.03,Home,242,,,,
4988,4988,HOME,,86.53,100.00,20.0,0.10,0.02,Home,242,,,,
5038,5038,HOME,,85.78,100.00,20.0,-0.03,0.04,Home,242,,,,
5088,5088,HOME,,85.03,100.00,20.0,0.01,-0.06,Home,242,,,,
5138,5138,HOME,,84.28,100.00,20.0,-0.07,-0.03,Home,242,,,,
5188,5188,HOME,,83.53,100.00,20.0,-0.03,0.05,Home,242,,,,
5238,5238,HOME,,82.78,100.00,20.0,-0.02,-0.02,Home,242,,,,
5288,5288,HOME,,82.03,100.00,20.0,0.09,0.03,Home,242,,,,
5338,5338,HOME,,81.28,100.00,20.0,0.02,0.01,Home,242,,,,
5388,5388,HOME,,80.53,100.00,20.0,-0.02,-0.02,Home,242,,,,
5438,5438,HOME,,79.78,100.00,20.0,-0.04,0.05,Home,242,,,,
5488,5488,HOME,,79.03,100.00,20.0,-0.00,0.02,Home,242,,,,
5538,5538,HOME,,78.28,100.00,20.0,0.00,0.06,Home,242,,,,
5588,5588,HOME,,77.53,100.00,20.0,-0.01,-0.09,Home,242,,,,
5638,5638,HOME,,76.78,100.00,20.0,0.03,0.05,Home,242,,,,
5688,5688,HOME,,76.03,100.00,20.0,-0.03,-0.03,Home,242,,,,
5738,5738,HOME,,75.28,100.00,20.0,0.01,-0.03,Home,242,,,,
5788,5788,HOME,,74.53,100.00,20.0,-0.04,-0.06,Home,242,,,,
5838,5838,HOME,,73.78,100.00,20.0,-0.02,0.01,Home,242,,,,
5888,5888,HOME,,73.03,100.00,20.0,-0.03,-0.02,Home,242,,,,
5938,5938,HOME,,72.28,100.00,20.0,0.03,-0.03,Home,242,,,,
5988,5988,HOME,,71.53,100.00,20.0,-0.01,0.01,Home,242,,,,
6038,6038,HOME,,70.78,100.00,20.0,-0.04,0.04,Home,242,,,,
6088,6088,HOME,,70.03,100.00,20.0,0.02,-0.05,Home,242,,,,
6138,6138,HOME,,69.28,100.00,20.0,-0.06,-0.00,Home,242,,,,
6188,6188,HOME,,68.53,100.00,20.0,0.03,0.05,Home,242,,,,
6238,6238,HOME,,67.78,100.00,20.0,0.03,0.05,Home,242,,,,
6288,6288,HOME,,67.03,100.00,20.0,-0.01,-0.01,Home,242,,,,
6338,6338,HOME,,66.28,100.00,20.0,0.01,-0.09,Home,242,,,,
6388,6388,HOME,,65.53,100.00,20.0,-0.04,0.05,Home,242,,,,
6438,6438,HOME,,64.78,100.00,20.0,0.05,-0.02,Home,242,,,,
6488,6488,HOME,,64.03,100.00,20.0,-0.09,-0.01,Home,242,,,,
6538,6538,HOME,,63.28,100.00,20.0,-0.01,-0.14,Home,242,,,,
6588,6588,HOME,,62.53,100.00,20.0,0.03,0.04,Home,242,,,,
6638,6638,HOME,,61.78,100.00,20.0,-0.03,-0.03,Home,242,,,,
6688,6688,HOME,,61.03,100.00,20.0,-0.00,0.05,Home,242,,,,
6738,6738,HOME,,60.28,100.00,20.0,0.08,0.06,Home,242,,,,
6788,6788,HOME,,59.53,100.00,20.0,-0.10,0.03,Home,242,,,,
6838,6838,HOME,,58.78,100.00,20.0,-0.04,-0.04,Home,242,,,,
6888,6888,HOME,,58.03,100.00,20.0,-0.04,-0.10,Home,242,,,,
6938,6938,HOME,,57.28,100.00,20.0,-0.07,0.07,Home,242,,,,
6988,6988,HOME,,56.53,100.00,20.0,-0.05,0.03,Home,242,,,,
7038,7038,HOME,,55.78,100.00,20.0,0.02,-0.08,Home,242,,,,
7088,7088,HOME,,55.03,100.00,20.0,0.02,0.03,Home,242,,,,
7138,7138,HOME,,54.28,100.00,20.0,-0.06,-0.00,Home,242,,,,
7188,7188,HOME,,53.53,100.00,20.0,-0.05,0.01,Home,242,,,,
7238,7238,HOME,,52.78,100.00,20.0,0.04,0.05,Home,242,,,,
7288,7288,HOME,,52.03,100.00,20.0,0.03,0.16,Home,242,,,,
7338,7338,HOME,,51.28,100.00,20.0,0.01,0.09,Home,242,,,,
7388,7388,HOME,,50.53,100.00,20.0,0.01,-0.01,Home,242,,,,
7438,7438,HOME,,49.78,100.00,20.0,0.01,0.02,Home,242,,,,
7488,7488,HOME,,49.03,100.00,20.0,0.06,0.03,Home,242,,,,
7538,7538,HOME,,48.28,100.00,20.0,0.06,0.09,Home,242,,,,
7588,7588,HOME,,47.53,100.00,20.0,0.16,0.00,Home,242,,,,
7638,7638,HOME,,46.78,100.00,20.0,0.06,0.02,Home,242,,,,
7688,7688,HOME,,46.03,100.00,20.0,-0.09,-0.03,Home,242,,,,
7738,7738,HOME,,45.28,100.00,20.0,-0.02,0.10,Home,242,,,,
7788,7788,HOME,,44.53,100.00,20.0,-0.07,0.07,Home,242,,,,
7838,7838,HOME,,43.78,100.00,20.0,0.06,0.05,Home,242,,,,
7888,7888,HOME,,43.03,100.00,20.0,0.01,0.04,Home,114,,,,
7938,7938,HOME,,42.28,100.00,20.0,-0.00,0.04,Home,114,,,,
7988,7988,HOME,,41.53,100.00,20.0,-0.04,0.03,Home,114,,,,
8038,8038,HOME,,40.78,100.00,20.0,-0.06,-0.06,Home,114,,,,
8088,8088,HOME,,39.99,100.00,20.0,-0.08,0.01,Home,114,,,,
8138,8138,HOME,,39.21,100.00,20.0,0.01,0.11,Home,114,,,,
8188,8188,HOME,,38.42,100.00,20.0,-0.04,0.06,Home,114,,,,
8238,8238,HOME,,37.63,100.00,20.0,0.02,-0.00,Home,114,,,,
8288,8288,HOME,,36.84,100.00,20.0,0.03,-0.09,Home,114,,,,
8338,8338,HOME,,36.06,100.00,20.0,0.01,-0.04,Home,114,,,,
8388,8388,HOME,,36.06,100.00,20.0,0.07,0.07,Home,114,,,,
8438,8438,HOME,,35.27,100.00,20.0,0.04,0.02,Home,114,,,,
8488,8488,HOME,,34.48,100.00,20.0,-0.03,-0.04,Home,114,,,,
8538,8538,HOME,,33.69,100.00,20.0,-0.04,0.02,Home,114,,,,
8588,8588,HOME,,32.91,100.00,20.0,0.01,-0.03,Home,114,,,,
8638,8638,HOME,,32.12,100.00,20.0,-0.04,0.05,Home,114,,,,
8688,8688,HOME,,31.33,100.00,20.0,-0.00,0.03,Home,114,,,,
8738,8738,HOME,,30.54,100.00,20.0,0.07,0.05,Home,114,,,,
8788,8788,HOME,,29.76,100.00,20.0,-0.08,0.08,Home,114,,,,
8838,8838,HOME,,28.97,100.00,20.0,0.01,0.03,Home,114,,,,
8888,8888,HOME,,28.18,100.00,20.0,0.01,-0.04,Home,114,,,,
8938,8938,HOME,,27.39,100.00,20.0,0.00,0.06,Home,114,,,,
8988,8988,HOME,,26.61,100.00,20.0,-0.07,0.01,Home,114,,,,
9038,9038,HOME,,25.82,100.00,20.0,-0.02,-0.05,Home,114,,,,
9088,9088,HOME,,25.07,100.00,20.0,3.60,0.02,Home,114,,,,
9138,9138,HOME,,25.00,100.00,20.5,0.05,-0.04,Home,114,,,,
9188,9188,HOME,,25.00,100.00,21.3,-0.04,-0.08,Home,114,,,,
9238,9238,HOME,,25.00,100.00,22.1,-0.05,0.00,Home,114,,,,
9288,9288,HOME,,25.00,100.00,22.9,-0.04,0.01,Home,114,,,,
9338,9338,HOME,,25.00,100.00,23.7,-0.01,-0.05,Home,114,,,,
9388,9388,HOME,,25.00,100.00,24.5,-0.07,-0.01,Home,114,,,,
9438,9438,HOME,,25.00,100.00,24.5,0.07,0.04,Home,114,,,,
9488,9488,HOME,,25.00,100.00,25.3,0.06,-0.00,Home,114,,,,
9538,9538,HOME,,25.00,100.00,26.1,0.04,0.04,Home,114,,,,
9588,9588,HOME,,25.00,100.00,26.8,-0.03,-0.01,Home,114,,,,
9638,9638,HOME,,25.00,100.00,27.6,-0.03,-0.08,Home,114,,,,
9688,9688,HOME,,25.00,100.00,28.4,-0.07,0.02,Home,114,,,,
9738,9738,HOME,,25.00,100.00,29.2,-0.06,0.09,Home,114,,,,
9788,9788,HOME,,25.00,100.00,30.0,-0.01,-0.04,Home,114,,,,
9838,9838,HOME,,25.00,100.00,30.8,-0.11,0.05,Home,114,,,,
9888,9888,HOME,,25.00,100.00,31.6,0.02,-0.07,Home,114,,,,
9938,9938,HOME,,25.00,100.00,32.4,-0.04,-0.01,Home,114,,,,
9988,9988,HOME,,25.00,100.00,33.1,0.12,0.01,Home,114,,,,
10038,10038,HOME,,25.00,100.00,33.9,0.01,0.02,Home,114,,,,
10088,10088,HOME,,25.00,100.00,34.7,-0.05,0.02,Home,114,,,,
10138,10138,HOME,,25.00,100.00,35.5,0.02,-0.02,Home,114,,,,
10188,10188,HOME,,25.00,100.00,36.3,-0.02,0.07,Home,114,,,,
10238,10238,HOME,,25.00,100.00,37.1,-0.05,-0.03,Home,114,,,,
10288,10288,HOME,,25.00,100.00,37.9,-0.01,0.03,Home,114,,,,
10338,10338,HOME,,25.00,100.00,38.7,0.01,-0.10,Home,114,,,,
10388,10388,HOME,,25.00,100.00,39.4,0.03,-0.02,Home,114,,,,
10438,10438,HOME,,25.00,100.00,40.2,0.06,0.02,Home,114,,,,
10488,10488,HOME,,25.00,100.00,40.2,0.00,0.07,Home,114,,,,
10538,10538,HOME,,25.00,100.00,41.0,0.04,0.08,Home,114,,,,
10588,10588,HOME,,25.00,100.00,41.8,-0.01,0.10,Home,114,,,,
10638,10638,HOME,,25.00,100.00,42.6,-0.03,0.00,Home,114,,,,
10688,10688,HOME,,25.00,100.00,43.4,-0.06,-0.00,Home,114,,,,
10738,10738,HOME,,25.00,100.00,44.2,0.03,-0.01,Home,114,,,,
10787,10787,HOME,,25.00,100.00,45.0,-0.10,0.11,Home,114,,,,
10837,10837,HOME,,25.00,100.00,45.7,0.04,-0.00,Home,114,,,,
10887,10887,HOME,,25.00,100.00,46.5,0.03,0.06,Home,114,,,,
10937,10937,HOME,,25.00,100.00,47.3,0.03,0.04,Home,114,,,,
10987,10987,HOME,,25.00,100.00,48.1,-0.00,-0.00,Home,114,,,,
11037,11037,HOME,,25.00,100.00,48.9,-0.00,-0.02,Home,114,,,,
11087,11087,HOME,,25.00,100.00,49.7,-0.04,-0.02,Home,114,,,,
11137,11137,HOME,,25.00,100.00,50.5,-0.01,0.04,Home,114,,,,
11187,11187,HOME,,25.00,100.00,51.3,0.01,0.06,Home,114,,,,
11237,11237,HOME,,25.00,100.00,52.0,0.03,-0.05,Home,114,,,,
11287,11287,HOME,,25.00,100.00,52.8,0.04,-0.04,Home,114,,,,
11337,11337,HOME,,25.00,100.00,53.6,0.02,0.00,Home,114,,,,
11387,11387,HOME,,25.00,100.00,54.4,-0.01,-0.04,Home,114,,,,
11437,11437,HOME,,25.00,100.00,55.2,0.09,0.04,Home,114,,,,
11487,11487,HOME,,25.00,100.00,56.0,-0.07,-0.05,Home,114,,,,
11537,11537,HOME,,25.00,100.00,56.0,0.00,0.07,Home,114,,,,
11587,11587,HOME,,25.00,100.00,56.8,-0.07,-0.08,Home,114,,,,
11637,11637,HOME,,25.00,100.00,57.6,-0.08,0.03,Home,114,,,,
11687,11687,HOME,,25.00,100.00,58.3,0.03,0.05,Home,114,,,,
11737,11737,HOME,,25.00,100.00,59.1,0.03,0.06,Home,114,,,,
11787,11787,HOME,,25.00,100.00,59.9,-0.01,0.12,Home,114,,,,
11837,11837,HOME,,25.00,100.00,60.7,-0.07,-0.10,Home,114,,,,
11887,11887,HOME,,25.00,100.00,61.5,-0.01,-0.01,Home,114,,,,
11937,11937,HOME,,25.00,100.00,62.3,0.02,-0.01,Home,114,,,,
11987,11987,HOME,,25.00,100.00,63.1,-0.07,-0.07,Home,114,,,,
12037,12037,HOME,,25.00,100.00,63.9,-0.07,-0.09,Home,114,,,,
12087,12087,HOME,,25.00,100.00,64.6,0.02,0.09,Home,114,,,,
12137,12137,HOME,,25.00,100.00,65.4,0.07,0.01,Home,114,,,,
12187,12187,HOME,,25.00,100.00,66.2,0.04,0.07,Home,114,,,,
12237,12237,HOME,,25.00,100.00,67.0,-0.10,0.03,Home,114,,,,
12287,12287,HOME,,25.00,100.00,67.8,0.02,0.03,Home,114,,,,
12337,12337,HOME,,25.00,100.00,68.6,0.07,0.07,Home,114,,,,
12387,12387,HOME,,25.00,100.00,69.4,0.08,0.04,Home,114,,,,
12437,12437,HOME,,25.00,100.00,70.2,-0.10,-0.01,Home,114,,,,
12487,12487,HOME,,25.00,100.00,70.9,0.05,-0.04,Home,114,,,,
12537,12537,HOME,,25.00,100.00,71.7,-0.02,0.06,Home,114,,,,
12587,12587,HOME,,25.00,100.00,71.7,-0.07,0.02,Home,114,,,,
12637,12637,HOME,,25.00,100.00,72.5,0.07,0.02,Home,114,,,,
12687,12687,HOME,,25.00,100.00,73.3,0.04,-0.01,Home,114,,,,
12737,12737,HOME,,25.00,100.00,74.1,-0.01,-0.02,Home,114,,,,
12787,12787,HOME,,25.00,100.00,74.9,0.04,-0.06,Home,114,,,,
12837,12837,HOME,,25.00,100.00,75.7,0.02,-0.07,Home,114,,,,
12887,12887,HOME,,25.00,100.00,76.5,0.04,0.03,Home,114,,,,
12937,12937,HOME,,25.00,100.00,77.2,0.09,-0.06,Home,114,,,,
12987,12987,HOME,,25.00,100.00,78.0,-0.02,0.02,Home,114,,,,
13037,13037,HOME,,25.00,100.00,78.8,-0.00,-0.04,Home,114,,,,
13087,13087,HOME,,25.00,100.00,79.6,-0.08,-0.03,Home,114,,,,
13137,13137,HOME,,25.00,100.00,80.4,0.10,0.05,Home,114,,,,
13187,13187,HOME,,25.00,100.00,81.2,0.13,0.00,Home,114,,,,
13237,13237,HOME,,25.00,100.00,82.0,-0.05,0.08,Home,114,,,,
13287,13287,HOME,,25.00,100.00,82.8,-0.04,0.05,Home,114,,,,
13337,13337,HOME,,25.00,100.00,83.5,-0.01,0.01,Home,114,,,,
13387,13387,HOME,,25.00,100.00,84.3,0.04,0.01,Home,114,,,,
13437,13437,HOME,,25.00,100.00,85.1,0.01,0.07,Home,114,,,,
13487,13487,HOME,,25.00,100.00,85.9,-0.01,-0.06,Home,114,,,,
13537,13537,HOME,,25.00,100.00,86.7,0.04,0.03,Home,114,,,,
13587,13587,HOME,,25.00,100.00,87.5,-0.10,-0.01,Home,114,,,,
13637,13637,HOME,,25.00,100.00,87.5,0.04,0.05,Home,114,,,,
13687,13687,HOME,,25.00,100.00,88.3,0.01,-0.01,Home,114,,,,
13737,13737,HOME,,25.00,100.00,89.1,-0.04,0.09,Home,114,,,,
13787,13787,HOME,,25.00,100.00,89.8,-0.06,-0.00,Home,114,,,,
13837,13837,HOME,,25.00,100.00,90.6,0.05,0.01,Home,114,,,,
13887,13887,HOME,,25.00,100.00,91.4,-0.05,0.02,Home,114,,,,
13937,13937,HOME,,25.00,100.00,92.2,-0.00,-0.04,Home,114,,,,
13987,13987,HOME,,25.00,100.00,93.0,0.14,-0.09,Home,114,,,,
14037,14037,HOME,,25.00,100.00,93.8,-0.03,-0.04,Home,114,,,,
14087,14087,HOME,,25.00,100.00,94.6,0.05,-0.06,Home,114,,,,
14092,,HOME,TX,25.00,100.00,94.6,,,Home,,,,,G21 G90 G94
14112,,HOME,HOMED,25.00,100.00,95.0,,,Idle,,,,,X=25.0 Z=100.0 θ=95.0
14112,,IDLE,ENTER_IDLE,25.00,100.00,95.0,,,Idle,,,,,주문: 싱글 115 g
14112,,SELECT_LANE,ENTER_SELECT_LANE,25.00,100.00,95.0,,,Idle,,,,,y=+0
14137,14137,SELECT_LANE,,25.00,100.00,95.0,0.01,0.04,Idle,114,,,,
16167,14187,SELECT_LANE,,25.00,100.00,95.0,0.01,0.04,Idle,112,,,,
16167,14237,SELECT_LANE,,25.00,100.00,95.0,-0.01,0.11,Idle,112,,,,
16167,14287,SELECT_LANE,,25.00,100.00,95.0,-0.11,0.05,Idle,112,,,,
16167,14337,SELECT_LANE,,25.00,100.00,95.0,-0.05,-0.08,Idle,112,,,,
16167,14387,SELECT_LANE,,25.00,100.00,95.0,0.04,-0.06,Idle,112,,,,
16167,14437,SELECT_LANE,,25.00,100.00,95.0,0.02,0.04,Idle,112,,,,
16167,14487,SELECT_LANE,,25.00,100.00,95.0,-0.09,-0.01,Idle,112,,,,
16167,14537,SELECT_LANE,,25.00,100.00,95.0,0.02,-0.05,Idle,112,,,,
16167,14587,SELECT_LANE,,25.00,100.00,95.0,-0.08,-0.03,Idle,112,,,,
16167,14637,SELECT_LANE,,25.00,100.00,95.0,-0.02,0.06,Idle,112,,,,
16167,14687,SELECT_LANE,,25.00,100.00,95.0,-0.02,-0.05,Idle,112,,,,
16167,14737,SELECT_LANE,,25.00,100.00,95.0,0.00,0.04,Idle,112,,,,
16167,14787,SELECT_LANE,,25.00,100.00,95.0,0.03,-0.03,Idle,112,,,,
16167,14837,SELECT_LANE,,25.00,100.00,95.0,-0.00,-0.03,Idle,112,,,,
16167,14887,SELECT_LANE,,25.00,100.00,95.0,0.11,0.06,Idle,112,,,,
16167,14937,SELECT_LANE,,25.00,100.00,95.0,-0.01,-0.06,Idle,112,,,,
16167,14987,SELECT_LANE,,25.00,100.00,95.0,0.07,0.04,Idle,112,,,,
16167,15037,SELECT_LANE,,25.00,100.00,95.0,-0.01,0.02,Idle,112,,,,
16167,15087,SELECT_LANE,,25.00,100.00,95.0,-0.06,0.01,Idle,112,,,,
16167,15137,SELECT_LANE,,25.00,100.00,95.0,0.07,0.06,Idle,112,,,,
16167,15187,SELECT_LANE,,25.00,100.00,95.0,-0.09,-0.02,Idle,112,,,,
16167,15237,SELECT_LANE,,25.00,100.00,95.0,-0.02,-0.02,Idle,112,,,,
16167,15287,SELECT_LANE,,25.00,100.00,95.0,0.04,0.03,Idle,112,,,,
16167,15337,SELECT_LANE,,25.00,100.00,95.0,-0.03,0.05,Idle,112,,,,
16167,15387,SELECT_LANE,,25.00,100.00,95.0,-0.05,-0.08,Idle,112,,,,
16167,15437,SELECT_LANE,,25.00,100.00,95.0,-0.04,-0.07,Idle,112,,,,
16167,15487,SELECT_LANE,,25.00,100.00,95.0,-0.09,0.06,Idle,112,,,,
16167,15537,SELECT_LANE,,25.00,100.00,95.0,-0.05,0.00,Idle,112,,,,
16167,15587,SELECT_LANE,,25.00,100.00,95.0,0.06,0.02,Idle,112,,,,
16167,15637,SELECT_LANE,,25.00,100.00,95.0,-0.04,-0.05,Idle,112,,,,
16167,15687,SELECT_LANE,,25.00,100.00,95.0,0.06,-0.05,Idle,112,,,,
16167,15737,SELECT_LANE,,25.00,100.00,95.0,0.00,0.06,Idle,112,,,,
16167,15787,SELECT_LANE,,25.00,100.00,95.0,-0.03,0.14,Idle,112,,,,
16167,15837,SELECT_LANE,,25.00,100.00,95.0,0.02,0.03,Idle,112,,,,
16167,15887,SELECT_LANE,,25.00,100.00,95.0,0.02,0.00,Idle,112,,,,
16167,15937,SELECT_LANE,,25.00,100.00,95.0,-0.05,-0.07,Idle,112,,,,
16167,15987,SELECT_LANE,,25.00,100.00,95.0,-0.05,0.00,Idle,112,,,,
16167,16037,SELECT_LANE,,25.00,100.00,95.0,0.00,0.04,Idle,112,,,,
16167,16087,SELECT_LANE,,25.00,100.00,95.0,-0.02,-0.01,Idle,112,,,,
16167,16137,SELECT_LANE,,25.00,100.00,95.0,0.01,-0.09,Idle,112,,,,
16187,16187,SELECT_LANE,,25.00,100.00,95.0,0.00,-0.04,Door:0,114,,,,
16220,,TOUCHOFF,ENTER_TOUCHOFF,25.00,100.00,95.0,,,Idle,,0.0,,,
16220,,TOUCHOFF,TX,25.00,100.00,95.0,,,Idle,,0.0,,,G1 Y-30.00 F9000
16237,16237,TOUCHOFF,,25.00,100.00,95.0,0.03,0.05,Idle,114,0.0,,,
16270,,TOUCHOFF,TX,25.00,100.00,93.8,,,Run,,0.0,,,G1 X45.000 F3600
16272,,TOUCHOFF,TX,25.00,100.00,93.8,,,Run,,0.0,,,G1 Z13.311 F1200
16275,,TOUCHOFF,TX,25.00,100.00,93.8,,,Run,,0.0,,,G4 P0.01
16287,16287,TOUCHOFF,,25.00,100.00,93.8,0.06,0.04,Run,114,0.0,,,
16337,16337,TOUCHOFF,,25.00,100.00,90.1,0.00,0.10,Run,114,0.0,,,
16387,16387,TOUCHOFF,,25.00,100.00,83.9,0.05,0.04,Run,114,0.0,,,
16437,16437,TOUCHOFF,,25.00,100.00,76.4,-0.05,-0.09,Run,114,0.0,,,
16487,16487,TOUCHOFF,,25.00,100.00,68.9,0.05,0.01,Run,114,0.0,,,
16537,16537,TOUCHOFF,,25.00,100.00,61.4,-0.10,-0.01,Run,114,0.0,,,
16587,16587,TOUCHOFF,,25.00,100.00,53.9,-0.01,0.01,Run,114,0.0,,,
16637,16637,TOUCHOFF,,25.00,100.00,46.4,-0.01,0.06,Run,114,0.0,,,
16687,16687,TOUCHOFF,,25.00,100.00,38.9,-0.01,0.03,Run,114,0.0,,,
16737,16737,TOUCHOFF,,25.00,100.00,31.4,0.04,0.01,Run,114,0.0,,,
16787,16787,TOUCHOFF,,25.00,100.00,23.9,0.06,0.05,Run,114,0.0,,,
16837,16837,TOUCHOFF,,25.00,100.00,16.4,-0.01,0.00,Run,114,0.0,,,
16887,16887,TOUCHOFF,,25.00,100.00,8.9,-0.02,0.02,Run,114,0.0,,,
16937,16937,TOUCHOFF,,25.00,100.00,1.4,-0.08,-0.04,Run,114,0.0,,,
16987,16987,TOUCHOFF,,25.00,100.00,-6.1,0.00,-0.07,Run,114,0.0,,,
17037,17037,TOUCHOFF,,25.00,100.00,-13.6,-0.02,0.01,Run,114,0.0,,,
17087,17087,TOUCHOFF,,25.00,100.00,-20.9,-0.01,0.02,Run,114,0.0,,,
17137,17137,TOUCHOFF,,25.00,100.00,-26.4,0.02,0.02,Run,114,0.0,,,
17187,17187,TOUCHOFF,,25.00,100.00,-29.6,-0.01,-0.00,Run,114,0.0,,,
17237,17237,TOUCHOFF,,26.41,100.00,-30.0,3.62,0.03,Run,114,0.0,,,
17287,17287,TOUCHOFF,,29.23,100.00,-30.0,-0.04,0.03,Run,114,0.0,,,
17337,17337,TOUCHOFF,,32.23,100.00,-30.0,-0.03,-0.09,Run,114,0.0,,,
17387,17387,TOUCHOFF,,35.23,100.00,-30.0,0.04,-0.04,Run,114,0.0,,,
17437,17437,TOUCHOFF,,38.23,100.00,-30.0,0.06,-0.04,Run,114,0.0,,,
17487,17487,TOUCHOFF,,41.23,100.00,-30.0,-0.04,-0.01,Run,114,0.0,,,
17537,17537,TOUCHOFF,,43.70,100.00,-30.0,-3.58,0.03,Run,242,0.0,,,
17587,17587,TOUCHOFF,,44.92,100.00,-30.0,-3.59,-0.10,Run,242,0.0,,,
17637,17637,TOUCHOFF,,45.00,99.44,-30.0,0.02,-0.06,Run,242,0.0,,,
17687,17687,TOUCHOFF,,45.00,98.44,-30.0,0.09,-0.05,Run,242,0.0,,,
17737,17737,TOUCHOFF,,45.00,97.44,-30.0,-0.09,-0.01,Run,242,0.0,,,
17787,17787,TOUCHOFF,,45.00,96.44,-30.0,0.04,0.11,Run,242,0.0,,,
17837,17837,TOUCHOFF,,45.00,95.44,-30.0,0.07,0.07,Run,242,0.0,,,
17887,17887,TOUCHOFF,,45.00,94.44,-30.0,0.02,0.02,Run,242,0.0,,,
17937,17937,TOUCHOFF,,45.00,93.44,-30.0,0.08,-0.06,Run,242,0.0,,,
17987,17987,TOUCHOFF,,45.00,92.44,-30.0,0.09,0.08,Run,242,0.0,,,
18038,18038,TOUCHOFF,,45.00,91.44,-30.0,0.03,-0.03,Run,242,0.0,,,
18088,18088,TOUCHOFF,,45.00,90.44,-30.0,0.07,0.09,Run,242,0.0,,,
18138,18138,TOUCHOFF,,45.00,89.44,-30.0,0.02,-0.06,Run,242,0.0,,,
18188,18188,TOUCHOFF,,45.00,88.44,-30.0,0.01,0.00,Run,242,0.0,,,
18238,18238,TOUCHOFF,,45.00,87.44,-30.0,-0.03,-0.00,Run,242,0.0,,,
18288,18288,TOUCHOFF,,45.00,86.44,-30.0,0.10,0.06,Run,242,0.0,,,
18338,18338,TOUCHOFF,,45.00,85.44,-30.0,0.01,-0.01,Run,242,0.0,,,
18388,18388,TOUCHOFF,,45.00,84.44,-30.0,0.05,0.13,Run,242,0.0,,,
18438,18438,TOUCHOFF,,45.00,83.44,-30.0,0.05,-0.07,Run,242,0.0,,,
18488,18488,TOUCHOFF,,45.00,82.44,-30.0,-0.03,0.01,Run,242,0.0,,,
18538,18538,TOUCHOFF,,45.00,81.44,-30.0,0.01,-0.01,Run,242,0.0,,,
18588,18588,TOUCHOFF,,45.00,80.44,-30.0,-0.04,0.04,Run,242,0.0,,,
18638,18638,TOUCHOFF,,45.00,79.44,-30.0,0.03,0.07,Run,242,0.0,,,
18688,18688,TOUCHOFF,,45.00,78.44,-30.0,-0.01,0.00,Run,242,0.0,,,
18738,18738,TOUCHOFF,,45.00,77.44,-30.0,-0.02,-0.05,Run,242,0.0,,,
18788,18788,TOUCHOFF,,45.00,76.44,-30.0,-0.00,-0.01,Run,242,0.0,,,
18838,18838,TOUCHOFF,,45.00,75.44,-30.0,-0.05,0.06,Run,242,0.0,,,
18888,18888,TOUCHOFF,,45.00,74.44,-30.0,0.01,-0.07,Run,242,0.0,,,
18938,18938,TOUCHOFF,,45.00,73.44,-30.0,0.01,-0.07,Run,242,0.0,,,
18988,18988,TOUCHOFF,,45.00,72.44,-30.0,0.04,0.01,Run,242,0.0,,,
19038,19038,TOUCHOFF,,45.00,71.44,-30.0,0.03,-0.08,Run,242,0.0,,,
19088,19088,TOUCHOFF,,45.00,70.44,-30.0,-0.02,0.01,Run,242,0.0,,,
19138,19138,TOUCHOFF,,45.00,69.44,-30.0,-0.08,0.02,Run,242,0.0,,,
19188,19188,TOUCHOFF,,45.00,68.44,-30.0,-0.02,0.01,Run,242,0.0,,,
19238,19238,TOUCHOFF,,45.00,67.44,-30.0,0.11,0.06,Run,242,0.0,,,
19288,19288,TOUCHOFF,,45.00,66.44,-30.0,0.07,0.01,Run,242,0.0,,,
19338,19338,TOUCHOFF,,45.00,65.44,-30.0,0.01,0.01,Run,242,0.0,,,
19388,19388,TOUCHOFF,,45.00,64.44,-30.0,0.11,-0.02,Run,242,0.0,,,
19438,19438,TOUCHOFF,,45.00,63.45,-30.0,0.05,0.03,Run,242,0.0,,,
19488,19488,TOUCHOFF,,45.00,62.45,-30.0,-0.05,-0.07,Run,242,0.0,,,
19538,19538,TOUCHOFF,,45.00,61.45,-30.0,0.02,-0.01,Run,242,0.0,,,
19588,19588,TOUCHOFF,,45.00,60.45,-30.0,-0.10,0.01,Run,242,0.0,,,
19638,19638,TOUCHOFF,,45.00,59.45,-30.0,-0.02,0.00,Run,242,0.0,,,
19688,19688,TOUCHOFF,,45.00,58.45,-30.0,0.03,0.10,Run,178,0.0,,,
19738,19738,TOUCHOFF,,45.00,57.45,-30.0,-0.01,0.01,Run,178,0.0,,,
19788,19788,TOUCHOFF,,45.00,56.45,-30.0,0.06,-0.02,Run,178,0.0,,,
19838,19838,TOUCHOFF,,45.00,55.45,-30.0,-0.01,0.05,Run,178,0.0,,,
19888,19888,TOUCHOFF,,45.00,54.45,-30.0,-0.02,0.03,Run,178,0.0,,,
19938,19938,TOUCHOFF,,45.00,53.45,-30.0,-0.02,-0.06,Run,178,0.0,,,
19988,19988,TOUCHOFF,,45.00,52.45,-30.0,-0.03,-0.07,Run,178,0.0,,,
20038,20038,TOUCHOFF,,45.00,51.45,-30.0,-0.06,0.04,Run,178,0.0,,,
20088,20088,TOUCHOFF,,45.00,50.45,-30.0,0.01,-0.01,Run,178,0.0,,,
20138,20138,TOUCHOFF,,45.00,49.45,-30.0,-0.04,0.01,Run,178,0.0,,,
20188,20188,TOUCHOFF,,45.00,48.45,-30.0,0.07,-0.08,Run,178,0.0,,,
20238,20238,TOUCHOFF,,45.00,47.45,-30.0,-0.02,0.08,Run,178,0.0,,,
20288,20288,TOUCHOFF,,45.00,46.45,-30.0,0.04,0.03,Run,178,0.0,,,
20338,20338,TOUCHOFF,,45.00,45.45,-30.0,-0.02,-0.04,Run,178,0.0,,,
20388,20388,TOUCHOFF,,45.00,44.45,-30.0,-0.04,-0.04,Run,178,0.0,,,
20438,20438,TOUCHOFF,,45.00,43.45,-30.0,-0.05,0.04,Run,178,0.0,,,
20488,20488,TOUCHOFF,,45.00,42.45,-30.0,-0.00,-0.04,Run,178,0.0,,,
20538,20538,TOUCHOFF,,45.00,41.45,-30.0,-0.04,0.01,Run,178,0.0,,,
20588,20588,TOUCHOFF,,45.00,40.45,-30.0,0.04,0.03,Run,178,0.0,,,
20638,20638,TOUCHOFF,,45.00,39.45,-30.0,-0.04,0.07,Run,178,0.0,,,
20688,20688,TOUCHOFF,,45.00,38.45,-30.0,0.04,-0.04,Run,178,0.0,,,
20738,20738,TOUCHOFF,,45.00,37.45,-30.0,0.04,-0.01,Run,178,0.0,,,
20788,20788,TOUCHOFF,,45.00,36.45,-30.0,0.01,0.02,Run,178,0.0,,,
20838,20838,TOUCHOFF,,45.00,35.45,-30.0,0.02,-0.04,Run,178,0.0,,,
20888,20888,TOUCHOFF,,45.00,34.45,-30.0,-0.08,-0.04,Run,178,0.0,,,
20938,20938,TOUCHOFF,,45.00,33.45,-30.0,0.02,0.03,Run,178,0.0,,,
20988,20988,TOUCHOFF,,45.00,32.45,-30.0,0.07,0.01,Run,178,0.0,,,
21038,21038,TOUCHOFF,,45.00,31.45,-30.0,-0.05,0.05,Run,178,0.0,,,
21088,21088,TOUCHOFF,,45.00,30.45,-30.0,-0.04,-0.06,Run,178,0.0,,,
21138,21138,TOUCHOFF,,45.00,29.45,-30.0,0.01,-0.07,Run,178,0.0,,,
21188,21188,TOUCHOFF,,45.00,28.45,-30.0,-0.04,-0.01,Run,178,0.0,,,
21238,21238,TOUCHOFF,,45.00,27.45,-30.0,0.00,-0.03,Run,178,0.0,,,
21288,21288,TOUCHOFF,,45.00,26.45,-30.0,-0.03,0.09,Run,178,0.0,,,
21338,21338,TOUCHOFF,,45.00,25.45,-30.0,-0.00,-0.04,Run,178,0.0,,,
21388,21388,TOUCHOFF,,45.00,24.45,-30.0,0.02,-0.03,Run,178,0.0,,,
21438,21438,TOUCHOFF,,45.00,23.45,-30.0,-0.04,0.01,Run,178,0.0,,,
21488,21488,TOUCHOFF,,45.00,22.45,-30.0,0.06,0.10,Run,178,0.0,,,
21538,21538,TOUCHOFF,,45.00,21.45,-30.0,0.01,0.04,Run,178,0.0,,,
21588,21588,TOUCHOFF,,45.00,20.45,-30.0,0.01,-0.05,Run,178,0.0,,,
21638,21638,TOUCHOFF,,45.00,19.45,-30.0,-0.04,0.02,Run,178,0.0,,,
21688,21688,TOUCHOFF,,45.00,18.45,-30.0,0.07,-0.05,Run,178,0.0,,,
21738,21738,TOUCHOFF,,45.00,17.45,-30.0,0.00,0.01,Run,178,0.0,,,
21788,21788,TOUCHOFF,,45.00,16.45,-30.0,0.00,-0.04,Run,178,0.0,,,
21838,21838,TOUCHOFF,,45.00,15.45,-30.0,-0.04,0.06,Run,178,0.0,,,
21888,21888,TOUCHOFF,,45.00,14.45,-30.0,-0.07,0.02,Run,178,0.0,,,
21938,21938,TOUCHOFF,,45.00,13.55,-30.0,-0.02,-0.05,Run,178,0.0,,,
21970,,TOUCHOFF,TX,45.00,13.31,-30.0,,,Idle,,0.0,,,G4 P0.3
21988,21988,TOUCHOFF,,45.00,13.31,-30.0,-0.05,0.02,Idle,178,0.0,,,
22038,22038,TOUCHOFF,,45.00,13.31,-30.0,0.01,0.05,Run,178,0.0,,,
22088,22088,TOUCHOFF,,45.00,13.31,-30.0,0.08,-0.00,Run,178,0.0,,,
22138,22138,TOUCHOFF,,45.00,13.31,-30.0,-0.16,0.01,Run,178,0.0,,,
22188,22188,TOUCHOFF,,45.00,13.31,-30.0,-0.02,-0.07,Run,178,0.0,,,
22238,22238,TOUCHOFF,,45.00,13.31,-30.0,0.00,0.04,Run,178,0.0,,,
22275,,TOUCHOFF,TX,45.00,13.31,-30.0,,,Run,,0.0,,,G38.2 Z-6.689 F300
22288,22288,TOUCHOFF,,45.00,13.31,-30.0,0.04,-0.03,Run,178,0.0,,,
22338,22338,TOUCHOFF,,45.00,13.13,-30.0,-0.03,0.01,Run,178,0.0,,,
22388,22388,TOUCHOFF,,45.00,12.88,-30.0,-0.01,0.02,Run,178,0.0,,,
22438,22438,TOUCHOFF,,45.00,12.63,-30.0,0.04,0.03,Run,178,0.0,,,
22488,22488,TOUCHOFF,,45.00,12.38,-30.0,0.03,-0.01,Run,178,0.0,,,
22538,22538,TOUCHOFF,,45.00,12.13,-30.0,0.00,0.01,Run,178,0.0,,,
22588,22588,TOUCHOFF,,45.00,11.88,-30.0,-0.01,0.01,Run,178,0.0,,,
22638,22638,TOUCHOFF,,45.00,11.63,-30.0,0.13,-0.03,Run,178,0.0,,,
22688,22688,TOUCHOFF,,45.00,11.38,-30.0,0.01,0.01,Run,178,0.0,,,
22738,22738,TOUCHOFF,,45.00,11.13,-30.0,0.08,-0.04,Run,178,0.0,,,
22788,22788,TOUCHOFF,,45.00,10.88,-30.0,0.06,-0.00,Run,178,0.0,,,
22838,22838,TOUCHOFF,,45.00,10.63,-30.0,0.02,0.02,Run,178,0.0,,,
22888,22888,TOUCHOFF,,45.00,10.38,-30.0,0.03,0.07,Run,178,0.0,,,
22938,22938,TOUCHOFF,,45.00,10.13,-30.0,0.03,-0.08,Run,178,0.0,,,
22988,22988,TOUCHOFF,,45.00,9.88,-30.0,-0.04,-0.05,Run,178,0.0,,,
23038,23038,TOUCHOFF,,45.00,9.63,-30.0,-0.03,-0.08,Run,178,0.0,,,
23088,23088,TOUCHOFF,,45.00,9.38,-30.0,-0.09,-0.07,Run,178,0.0,,,
23138,23138,TOUCHOFF,,45.00,9.13,-30.0,0.04,0.02,Run,178,0.0,,,
23188,23188,TOUCHOFF,,45.00,8.88,-30.0,0.08,-0.06,Run,178,0.0,,,
23238,23238,TOUCHOFF,,45.00,8.63,-30.0,-0.03,0.03,Run,178,0.0,,,
23288,23288,TOUCHOFF,,45.00,8.38,-30.0,-0.02,-0.03,Run,178,0.0,,,
23338,23338,TOUCHOFF,,45.00,8.13,-30.0,-0.02,-0.01,Run,178,0.0,,,
23388,23388,TOUCHOFF,,45.00,7.88,-30.0,0.09,-0.00,Run,178,0.0,,,
23438,23438,TOUCHOFF,,45.00,7.63,-30.0,0.01,0.00,Run,178,0.0,,,
23488,23488,TOUCHOFF,,45.00,7.38,-30.0,0.10,-0.04,Run,178,0.0,,,
23538,23538,TOUCHOFF,,45.00,7.13,-30.0,0.06,-0.04,Run,178,0.0,,,
23588,23588,TOUCHOFF,,45.00,6.88,-30.0,0.10,-0.04,Run,178,0.0,,,
23638,23638,TOUCHOFF,,45.00,6.63,-30.0,-0.05,0.02,Run,178,0.0,,,
23688,23688,TOUCHOFF,,45.00,6.38,-30.0,-0.03,0.02,Run,178,0.0,,,
23738,23738,TOUCHOFF,,45.00,6.13,-30.0,-0.07,2.06,Run,178,0.0,,,
23788,23788,TOUCHOFF,,45.00,5.88,-30.0,0.09,5.05,Run,179,0.0,,,
23838,23838,TOUCHOFF,,45.00,5.67,-30.0,-0.06,7.76,Run,178,0.0,6.009,,
23870,,TOUCHOFF,TOUCH,45.00,5.67,-30.0,,,Idle,,0.0,6.009,,Z_trig=5.909 Z0=6.009 표면=-24.30 (추정 -22.0)
23870,,DIVE,ENTER_DIVE,45.00,5.67,-30.0,,,Idle,,0.0,6.009,,
23888,23888,DIVE,,45.00,5.67,-30.0,-0.02,7.68,Idle,178,0.0,6.009,12.85,
23920,,DIVE,TX,45.00,5.67,-30.0,,,Idle,,0.0,6.009,12.85,G1 X67.257 Z-8.904 F1800
23938,23938,DIVE,,45.00,5.67,-30.0,-0.04,7.68,Idle,178,0.0,6.009,12.85,
23970,,DIVE,TX,45.54,5.32,-30.0,,,Run,,0.0,6.009,12.85,G1 X87.257 Z-8.904 F1800
23973,,DIVE,SEG_QUEUED,45.54,5.32,-30.0,,,Run,,0.0,6.009,12.85,x 67.3→87.3 d=12.85 comp=2.063
23988,23988,DIVE,,45.54,5.32,-30.0,4.20,0.47,Run,178,0.0,6.009,12.85,
24020,,DIVE,TX,46.79,4.50,-30.0,,,Run,,0.0,6.009,12.85,G1 X107.257 Z-8.904 F1800
24023,,DIVE,SEG_QUEUED,46.79,4.50,-30.0,,,Run,,0.0,6.009,12.85,x 87.3→107.3 d=12.85 comp=2.063
24038,24038,DIVE,,46.79,4.50,-30.0,2.31,1.22,Run,178,0.0,6.009,12.85,
24088,24088,DIVE,,48.05,3.68,-30.0,4.03,2.06,Run,178,0.0,6.009,12.85,
24138,24138,DIVE,,49.30,2.86,-30.0,6.09,3.16,Run,178,0.0,6.009,12.85,
24188,24188,DIVE,,50.55,2.04,-30.0,8.39,4.16,Run,178,0.0,6.009,12.85,
24238,24238,DIVE,,51.81,1.21,-30.0,10.77,5.43,Run,178,0.0,6.009,12.85,
24288,24288,DIVE,,53.06,0.39,-30.0,13.36,6.70,Run,178,0.0,6.009,12.85,
24338,24338,DIVE,,54.32,-0.43,-30.0,16.28,8.09,Run,178,0.0,6.009,12.85,
24388,24388,DIVE,,55.57,-1.25,-30.0,19.15,9.52,Run,178,0.0,6.009,12.85,
24438,24438,DIVE,,56.83,-2.07,-30.0,22.20,11.11,Run,178,0.0,6.009,12.85,
24488,24488,DIVE,,58.08,-2.90,-30.0,25.26,12.73,Run,178,0.0,6.009,12.85,
24538,24538,DIVE,,59.34,-3.72,-30.0,28.65,14.29,Run,178,0.0,6.009,12.85,
24588,24588,DIVE,,60.59,-4.54,-30.0,31.88,15.97,Run,178,0.0,6.009,12.85,
24638,24638,DIVE,,61.85,-5.36,-30.0,35.37,17.65,Run,178,0.0,6.009,12.85,
24688,24688,DIVE,,63.10,-6.18,-30.0,38.90,19.46,Run,178,0.0,6.009,12.85,
24738,24738,DIVE,,64.36,-7.00,-30.0,42.41,21.27,Run,178,0.0,6.009,12.85,
24788,24788,DIVE,,65.61,-7.83,-30.0,46.20,23.08,Run,178,0.0,6.009,12.85,
24838,,DRAG,ENTER_DRAG,66.84,-8.63,-30.0,,,Run,,0.0,6.009,12.85,
24838,24838,DRAG,,66.84,-8.63,-30.0,46.64,24.84,Run,178,0.0,6.009,12.85,
24888,24888,DRAG,,67.35,-8.90,-30.0,55.02,25.68,Run,178,0.0,6.009,12.85,
24938,24938,DRAG,,68.49,-8.90,-30.0,51.37,25.62,Run,178,0.0,6.009,12.85,
24988,24988,DRAG,,69.99,-8.90,-30.0,51.30,25.61,Run,178,0.0,6.009,12.85,
25038,25038,DRAG,,71.49,-8.90,-30.0,51.40,25.68,Run,178,0.0,6.009,12.85,
25088,25088,DRAG,,72.99,-8.90,-30.0,51.38,25.74,Run,178,0.0,6.009,12.85,
25138,25138,DRAG,,74.49,-8.90,-30.0,51.36,25.65,Run,178,0.0,6.009,12.85,
25188,25188,DRAG,,75.99,-8.90,-30.0,51.27,25.69,Run,178,0.0,6.009,12.85,
25238,25238,DRAG,,77.49,-8.90,-30.0,51.30,25.54,Run,178,0.0,6.009,12.85,
25288,25288,DRAG,,78.99,-8.90,-30.0,51.34,25.65,Run,178,0.0,6.009,12.85,
25338,25338,DRAG,,80.49,-8.90,-30.0,51.37,25.57,Run,178,0.0,6.009,12.85,
25388,25388,DRAG,,81.99,-8.90,-30.0,51.36,25.61,Run,178,0.0,6.009,12.85,
25438,25438,DRAG,,83.49,-8.90,-30.0,51.38,25.57,Run,178,0.0,6.009,12.85,
25488,25488,DRAG,,84.99,-8.90,-30.0,51.42,25.64,Run,178,0.0,6.009,12.85,
25538,25538,DRAG,,86.49,-8.90,-30.0,51.40,25.63,Run,178,0.0,6.009,12.85,
25570,,DRAG,SEG_DONE,87.93,-8.90,-30.0,,,Run,,0.0,6.009,12.85,x1=87.3 n=45 Fx=51.4 Fz=25.6 d_est=13.63 u=92kPa V=17.0cm3
25588,25588,DRAG,,87.93,-8.90,-30.0,51.38,25.63,Run,178,0.0,6.009,14.67,
25620,,DRAG,TX,89.43,-8.90,-30.0,,,Run,,0.0,6.009,14.67,G1 X127.257 Z-10.084 F1800
25623,,DRAG,SEG_QUEUED,89.43,-8.90,-30.0,,,Run,,0.0,6.009,14.67,x 107.3→127.3 d=14.67 comp=1.423
25638,25638,DRAG,,89.43,-8.90,-30.0,51.34,25.57,Run,178,0.0,6.009,14.67,
25688,25688,DRAG,,90.93,-8.90,-30.0,51.34,25.53,Run,178,0.0,6.009,14.67,
25738,25738,DRAG,,92.43,-8.90,-30.0,51.40,25.62,Run,178,0.0,6.009,14.67,
25788,25788,DRAG,,93.93,-8.90,-30.0,51.34,25.54,Run,178,0.0,6.009,14.67,
25838,25838,DRAG,,95.43,-8.90,-30.0,51.50,25.49,Run,178,0.0,6.009,14.67,
25888,25888,DRAG,,96.93,-8.90,-30.0,51.27,25.51,Run,178,0.0,6.009,14.67,
25938,25938,DRAG,,98.43,-8.90,-30.0,51.31,25.53,Run,178,0.0,6.009,14.67,
25988,25988,DRAG,,99.93,-8.90,-30.0,51.40,25.52,Run,178,0.0,6.009,14.67,
26038,26038,DRAG,,101.43,-8.90,-30.0,51.41,25.48,Run,178,0.0,6.009,14.67,
26088,26088,DRAG,,102.93,-8.90,-30.0,51.35,25.53,Run,178,0.0,6.009,14.67,
26138,26138,DRAG,,104.43,-8.90,-30.0,51.30,25.51,Run,178,0.0,6.009,14.67,
26188,26188,DRAG,,105.93,-8.90,-30.0,51.35,25.47,Run,178,0.0,6.009,14.67,
26220,,DRAG,SEG_DONE,107.41,-8.91,-30.0,,,Run,,0.0,6.009,14.67,x1=107.3 n=54 Fx=51.4 Fz=25.5 d_est=13.63 u=92kPa V=28.2cm3
26220,,DRAG,HOST_FREEZE_1S,107.41,-8.91,-30.0,,,Run,,0.0,6.009,14.67,노트북 멈춤 모의: 하트비트·감시 중단
27223,26238,DRAG,,107.41,-8.91,-30.0,51.32,25.53,Run,178,0.0,6.009,14.67,
27223,26288,DRAG,,107.41,-8.91,-30.0,51.78,25.76,Run,178,0.0,6.009,14.67,
27223,26338,DRAG,,107.41,-8.91,-30.0,52.22,26.00,Run,178,0.0,6.009,14.67,
27223,26388,DRAG,,107.41,-8.91,-30.0,52.53,26.19,Run,178,0.0,6.009,14.67,
27223,26438,DRAG,,107.41,-8.91,-30.0,53.07,26.24,Run,178,0.0,6.009,14.67,
27223,26488,DRAG,,107.41,-8.91,-30.0,53.45,26.46,Run,184,0.0,6.009,14.67,
27223,26538,DRAG,,107.41,-8.91,-30.0,53.84,26.62,Run,184,0.0,6.009,14.67,
27223,26588,DRAG,,107.41,-8.91,-30.0,50.50,26.86,Run,184,0.0,6.009,14.67,
27223,26638,DRAG,,107.41,-8.91,-30.0,0.00,-0.13,Run,184,0.0,6.009,14.67,
27223,26688,DRAG,,107.41,-8.91,-30.0,0.08,-0.23,Run,184,0.0,6.009,14.67,
27223,26738,DRAG,,107.41,-8.91,-30.0,0.00,-0.23,Run,184,0.0,6.009,14.67,
27223,26788,DRAG,,107.41,-8.91,-30.0,0.04,-0.24,Run,184,0.0,6.009,14.67,
27223,26838,DRAG,,107.41,-8.91,-30.0,-0.05,-0.17,Run,184,0.0,6.009,14.67,
27223,26888,DRAG,,107.41,-8.91,-30.0,0.01,-0.27,Run,184,0.0,6.009,14.67,
27223,26938,DRAG,,107.41,-8.91,-30.0,-0.01,-0.18,Run,184,0.0,6.009,14.67,
27223,26988,DRAG,,107.41,-8.91,-30.0,-0.06,-0.29,Run,184,0.0,6.009,14.67,
27223,27038,DRAG,,107.41,-8.91,-30.0,-0.05,-0.23,Run,184,0.0,6.009,14.67,
27223,27088,DRAG,,107.41,-8.91,-30.0,-0.04,-0.28,Run,184,0.0,6.009,14.67,
27223,27138,DRAG,,107.41,-8.91,-30.0,-0.07,-0.20,Run,184,0.0,6.009,14.67,
27223,27188,DRAG,,107.41,-8.91,-30.0,0.03,-0.24,Run,184,0.0,6.009,14.67,
27223,,FAULT,FAULT_WATCHDOG,107.41,-8.91,-30.0,,,Run,,0.0,6.009,14.67,Nano 하드웨어 경로가 GRBL 도어 입력을 끊음
27238,27238,FAULT,,117.18,-9.49,-30.0,0.01,-0.13,Door:1,184,0.0,6.009,14.67,
27275,,FAULT,STOPPED,117.18,-9.49,-30.0,,,Door:1,,0.0,6.009,14.67,GRBL=Door:1 X=117.18 Z=-9.49
27288,27288,FAULT,,117.18,-9.49,-30.0,0.07,-0.12,Door:1,184,0.0,6.009,14.67,
27325,,FAULT,RESET,117.18,-9.49,-30.0,,,Door:1,,0.0,6.009,14.67,위치 유지
29328,27338,FAULT,,117.18,-9.49,-30.0,0.08,-0.17,Door:1,184,0.0,6.009,14.67,
29328,27388,FAULT,,117.18,-9.49,-30.0,-0.05,-0.21,Door:1,184,0.0,6.009,14.67,
29328,27438,FAULT,,117.18,-9.49,-30.0,-0.01,-0.30,Door:1,184,0.0,6.009,14.67,
29328,27488,FAULT,,117.18,-9.49,-30.0,0.03,-0.19,Door:1,184,0.0,6.009,14.67,
29328,27538,FAULT,,117.18,-9.49,-30.0,-0.04,-0.27,Door:1,184,0.0,6.009,14.67,
29328,27588,FAULT,,117.18,-9.49,-30.0,-0.05,-0.23,Door:1,184,0.0,6.009,14.67,
29328,27638,FAULT,,117.18,-9.49,-30.0,0.03,-0.29,Door:1,184,0.0,6.009,14.67,
29328,27688,FAULT,,117.18,-9.49,-30.0,0.08,-0.13,Door:1,184,0.0,6.009,14.67,
29328,27738,FAULT,,117.18,-9.49,-30.0,-0.06,-0.20,Door:1,184,0.0,6.009,14.67,
29328,27788,FAULT,,117.18,-9.49,-30.0,0.03,-0.15,Door:1,184,0.0,6.009,14.67,
29328,27838,FAULT,,117.18,-9.49,-30.0,0.03,-0.21,Door:1,184,0.0,6.009,14.67,
29328,27888,FAULT,,117.18,-9.49,-30.0,0.02,-0.23,Door:1,184,0.0,6.009,14.67,
29328,27938,FAULT,,117.18,-9.49,-30.0,-0.08,-0.13,Door:1,184,0.0,6.009,14.67,
29328,27988,FAULT,,117.18,-9.49,-30.0,0.06,-0.26,Door:1,184,0.0,6.009,14.67,
29328,28038,FAULT,,117.18,-9.49,-30.0,-0.04,-0.19,Door:1,184,0.0,6.009,14.67,
29328,28088,FAULT,,117.18,-9.49,-30.0,0.05,-0.30,Door:1,184,0.0,6.009,14.67,
29328,28138,FAULT,,117.18,-9.49,-30.0,-0.05,-0.23,Door:1,184,0.0,6.009,14.67,
29328,28188,FAULT,,117.18,-9.49,-30.0,-0.03,-0.14,Door:1,184,0.0,6.009,14.67,
29328,28238,FAULT,,117.18,-9.49,-30.0,0.01,-0.21,Door:1,184,0.0,6.009,14.67,
29328,28288,FAULT,,117.18,-9.49,-30.0,0.01,-0.16,Door:1,184,0.0,6.009,14.67,
29328,28338,FAULT,,117.18,-9.49,-30.0,0.06,-0.16,Door:1,184,0.0,6.009,14.67,
29328,28388,FAULT,,117.18,-9.49,-30.0,0.08,-0.21,Door:1,184,0.0,6.009,14.67,
29328,28438,FAULT,,117.18,-9.49,-30.0,-0.03,-0.21,Door:1,184,0.0,6.009,14.67,
29328,28488,FAULT,,117.18,-9.49,-30.0,-0.04,-0.31,Door:1,184,0.0,6.009,14.67,
29328,28538,FAULT,,117.18,-9.49,-30.0,-0.10,-0.14,Door:1,184,0.0,6.009,14.67,
29328,28588,FAULT,,117.18,-9.49,-30.0,0.09,-0.26,Door:1,184,0.0,6.009,14.67,
29328,28638,FAULT,,117.18,-9.49,-30.0,0.01,-0.18,Door:1,184,0.0,6.009,14.67,
29328,28688,FAULT,,117.18,-9.49,-30.0,-0.01,-0.18,Door:1,184,0.0,6.009,14.67,
29328,28738,FAULT,,117.18,-9.49,-30.0,-0.03,-0.15,Door:1,184,0.0,6.009,14.67,
29328,28788,FAULT,,117.18,-9.49,-30.0,0.03,-0.27,Door:1,184,0.0,6.009,14.67,
29328,28838,FAULT,,117.18,-9.49,-30.0,-0.06,-0.29,Door:1,184,0.0,6.009,14.67,
29328,28888,FAULT,,117.18,-9.49,-30.0,-0.02,-0.16,Door:1,184,0.0,6.009,14.67,
29328,28938,FAULT,,117.18,-9.49,-30.0,-0.03,-0.16,Door:1,184,0.0,6.009,14.67,
29328,28988,FAULT,,117.18,-9.49,-30.0,0.04,-0.19,Door:1,184,0.0,6.009,14.67,
29328,29038,FAULT,,117.18,-9.49,-30.0,-0.01,-0.26,Door:1,184,0.0,6.009,14.67,
29328,29088,FAULT,,117.18,-9.49,-30.0,-0.03,-0.22,Door:1,184,0.0,6.009,14.67,
29328,29138,FAULT,,117.18,-9.49,-30.0,0.01,-0.27,Door:1,184,0.0,6.009,14.67,
29328,29188,FAULT,,117.18,-9.49,-30.0,-0.01,-0.20,Door:1,184,0.0,6.009,14.67,
29328,29238,FAULT,,117.18,-9.49,-30.0,-0.02,-0.16,Door:1,184,0.0,6.009,14.67,
29328,29288,FAULT,,117.18,-9.49,-30.0,-0.04,-0.22,Door:1,184,0.0,6.009,14.67,
29330,,FAULT,TX,117.18,-9.49,-30.0,,,Door:1,,0.0,6.009,14.67,G21 G90 G94
29338,29338,FAULT,,117.18,-9.49,-30.0,0.04,-0.15,Door:1,178,0.0,6.009,14.67,
29388,29388,FAULT,,117.18,-9.49,-30.0,-0.06,-0.14,Idle,178,0.0,6.009,14.67,
29430,,FAULT,TX,117.18,-9.49,-30.0,,,Idle,,0.0,6.009,14.67,G1 Z70.000 F1200
29433,,FAULT,TX,117.18,-9.49,-30.0,,,Idle,,0.0,6.009,14.67,G4 P0.01
29438,29438,FAULT,,117.18,-9.49,-30.0,0.06,-0.32,Idle,178,0.0,6.009,14.67,
29488,29488,FAULT,,117.18,-9.13,-30.0,0.02,-0.23,Run,178,0.0,6.009,14.67,
29538,29538,FAULT,,117.18,-8.18,-30.0,0.05,-0.27,Run,178,0.0,6.009,14.67,
29588,29588,FAULT,,117.18,-7.18,-30.0,0.08,-0.21,Run,178,0.0,6.009,14.67,
29638,29638,FAULT,,117.18,-6.18,-30.0,-0.02,-0.27,Run,178,0.0,6.009,14.67,
29688,29688,FAULT,,117.18,-5.18,-30.0,-0.08,-0.20,Run,178,0.0,6.009,14.67,
29738,29738,FAULT,,117.18,-4.18,-30.0,0.03,-0.20,Run,178,0.0,6.009,14.67,
29788,29788,FAULT,,117.18,-3.18,-30.0,-0.00,-0.15,Run,178,0.0,6.009,14.67,
29838,29838,FAULT,,117.18,-2.18,-30.0,0.03,-0.22,Run,178,0.0,6.009,14.67,
29888,29888,FAULT,,117.18,-1.18,-30.0,0.03,-0.31,Run,178,0.0,6.009,14.67,
29938,29938,FAULT,,117.18,-0.18,-30.0,-0.01,-0.11,Run,178,0.0,6.009,14.67,
29988,29988,FAULT,,117.18,0.82,-30.0,-0.04,-0.19,Run,178,0.0,6.009,14.67,
30038,30038,FAULT,,117.18,1.82,-30.0,0.00,-0.23,Run,178,0.0,6.009,14.67,
30088,30088,FAULT,,117.18,2.82,-30.0,0.02,-0.23,Run,178,0.0,6.009,14.67,
30138,30138,FAULT,,117.18,3.82,-30.0,0.01,-0.27,Run,178,0.0,6.009,14.67,
30188,30188,FAULT,,117.18,4.82,-30.0,0.06,-0.21,Run,178,0.0,6.009,14.67,
30238,30238,FAULT,,117.18,5.82,-30.0,0.04,-0.26,Run,178,0.0,6.009,14.67,
30288,30288,FAULT,,117.18,6.82,-30.0,-0.03,-0.19,Run,178,0.0,6.009,14.67,
30338,30338,FAULT,,117.18,7.82,-30.0,-0.12,-0.18,Run,178,0.0,6.009,14.67,
30388,30388,FAULT,,117.18,8.82,-30.0,-0.06,-0.31,Run,178,0.0,6.009,14.67,
30438,30438,FAULT,,117.18,9.82,-30.0,0.07,-0.17,Run,178,0.0,6.009,14.67,
30488,30488,FAULT,,117.18,10.82,-30.0,-0.03,-0.23,Run,178,0.0,6.009,14.67,
30538,30538,FAULT,,117.18,11.82,-30.0,0.11,-0.15,Run,178,0.0,6.009,14.67,
30588,30588,FAULT,,117.18,12.82,-30.0,-0.04,-0.18,Run,178,0.0,6.009,14.67,
30638,30638,FAULT,,117.18,13.82,-30.0,-0.02,-0.23,Run,178,0.0,6.009,14.67,
30688,30688,FAULT,,117.18,14.82,-30.0,-0.06,-0.27,Run,178,0.0,6.009,14.67,
30738,30738,FAULT,,117.18,15.82,-30.0,0.07,-0.15,Run,178,0.0,6.009,14.67,
30788,30788,FAULT,,117.18,16.82,-30.0,0.02,-0.28,Run,178,0.0,6.009,14.67,
30838,30838,FAULT,,117.18,17.82,-30.0,-0.07,-0.18,Run,178,0.0,6.009,14.67,
30888,30888,FAULT,,117.18,18.82,-30.0,-0.04,-0.24,Run,178,0.0,6.009,14.67,
30938,30938,FAULT,,117.18,19.82,-30.0,-0.03,-0.20,Run,178,0.0,6.009,14.67,
30988,30988,FAULT,,117.18,20.82,-30.0,-0.04,-0.26,Run,178,0.0,6.009,14.67,
31038,31038,FAULT,,117.18,21.82,-30.0,-0.00,-0.19,Run,178,0.0,6.009,14.67,
31088,31088,FAULT,,117.18,22.82,-30.0,0.01,-0.12,Run,178,0.0,6.009,14.67,
31138,31138,FAULT,,117.18,23.82,-30.0,-0.02,-0.23,Run,178,0.0,6.009,14.67,
31188,31188,FAULT,,117.18,24.82,-30.0,0.02,-0.19,Run,178,0.0,6.009,14.67,
31238,31238,FAULT,,117.18,25.82,-30.0,0.01,-0.36,Run,178,0.0,6.009,14.67,
31288,31288,FAULT,,117.18,26.82,-30.0,0.01,-0.21,Run,178,0.0,6.009,14.67,
31338,31338,FAULT,,117.18,27.82,-30.0,-0.06,-0.23,Run,178,0.0,6.009,14.67,
31388,31388,FAULT,,117.18,28.82,-30.0,-0.08,-0.19,Run,178,0.0,6.009,14.67,
31438,31438,FAULT,,117.18,29.82,-30.0,0.14,-0.18,Run,178,0.0,6.009,14.67,
31488,31488,FAULT,,117.18,30.82,-30.0,0.08,-0.27,Run,178,0.0,6.009,14.67,
31538,31538,FAULT,,117.18,31.82,-30.0,0.00,-0.21,Run,178,0.0,6.009,14.67,
31588,31588,FAULT,,117.18,32.82,-30.0,-0.01,-0.28,Run,178,0.0,6.009,14.67,
31638,31638,FAULT,,117.18,33.82,-30.0,0.03,-0.20,Run,178,0.0,6.009,14.67,
31688,31688,FAULT,,117.18,34.82,-30.0,-0.11,-0.20,Run,178,0.0,6.009,14.67,
31738,31738,FAULT,,117.18,35.82,-30.0,0.04,-0.17,Run,178,0.0,6.009,14.67,
31788,31788,FAULT,,117.18,36.82,-30.0,-0.00,-0.25,Run,178,0.0,6.009,14.67,
31838,31838,FAULT,,117.18,37.82,-30.0,0.04,-0.21,Run,178,0.0,6.009,14.67,
31888,31888,FAULT,,117.18,38.82,-30.0,0.05,-0.31,Run,178,0.0,6.009,14.67,
31938,31938,FAULT,,117.18,39.82,-30.0,-0.03,-0.17,Run,178,0.0,6.009,14.67,
31988,31988,FAULT,,117.18,40.82,-30.0,0.05,-0.20,Run,178,0.0,6.009,14.67,
32038,32038,FAULT,,117.18,41.87,-30.0,0.03,-0.26,Run,178,0.0,6.009,14.67,
32088,32088,FAULT,,117.18,42.92,-30.0,-0.04,-0.17,Run,178,0.0,6.009,14.67,
32138,32138,FAULT,,117.18,43.97,-30.0,0.03,-0.17,Run,178,0.0,6.009,14.67,
32188,32188,FAULT,,117.18,43.97,-30.0,-0.09,-0.27,Run,178,0.0,6.009,14.67,
32238,32238,FAULT,,117.18,45.02,-30.0,0.04,-0.29,Run,178,0.0,6.009,14.67,
32288,32288,FAULT,,117.18,46.07,-30.0,-0.18,-0.15,Run,178,0.0,6.009,14.67,
32338,32338,FAULT,,117.18,47.12,-30.0,-0.09,-0.18,Run,178,0.0,6.009,14.67,
32388,32388,FAULT,,117.18,48.17,-30.0,0.09,-0.20,Run,178,0.0,6.009,14.67,
32438,32438,FAULT,,117.18,49.22,-30.0,0.00,-0.20,Run,178,0.0,6.009,14.67,
32488,32488,FAULT,,117.18,50.27,-30.0,0.04,-0.18,Run,178,0.0,6.009,14.67,
32538,32538,FAULT,,117.18,51.32,-30.0,0.05,-0.26,Run,178,0.0,6.009,14.67,
32588,32588,FAULT,,117.18,52.37,-30.0,0.01,-0.25,Run,178,0.0,6.009,14.67,
32638,32638,FAULT,,117.18,53.42,-30.0,0.03,-0.21,Run,178,0.0,6.009,14.67,
32688,32688,FAULT,,117.18,54.47,-30.0,0.10,-0.30,Run,178,0.0,6.009,14.67,
32738,32738,FAULT,,117.18,55.52,-30.0,-0.03,-0.18,Run,178,0.0,6.009,14.67,
32788,32788,FAULT,,117.18,56.57,-30.0,-0.03,-0.24,Run,178,0.0,6.009,14.67,
32838,32838,FAULT,,117.18,57.62,-30.0,-0.04,-0.23,Run,178,0.0,6.009,14.67,
32888,32888,FAULT,,117.18,58.67,-30.0,0.04,-0.21,Run,242,0.0,6.009,14.67,
32938,32938,FAULT,,117.18,59.72,-30.0,-0.01,-0.20,Run,242,0.0,6.009,14.67,
32988,32988,FAULT,,117.18,60.77,-30.0,0.02,-0.24,Run,242,0.0,6.009,14.67,
33038,33038,FAULT,,117.18,61.82,-30.0,-0.03,-0.16,Run,242,0.0,6.009,14.67,
33088,33088,FAULT,,117.18,62.87,-30.0,-0.00,-0.21,Run,242,0.0,6.009,14.67,
33138,33138,FAULT,,117.18,63.92,-30.0,0.01,-0.19,Run,242,0.0,6.009,14.67,
33188,33188,FAULT,,117.18,64.97,-30.0,0.03,-0.14,Run,242,0.0,6.009,14.67,
33238,33238,FAULT,,117.18,64.97,-30.0,0.12,-0.17,Run,242,0.0,6.009,14.67,
33288,33288,FAULT,,117.18,66.02,-30.0,-0.02,-0.25,Run,242,0.0,6.009,14.67,
33338,33338,FAULT,,117.18,67.07,-30.0,-0.01,-0.14,Run,242,0.0,6.009,14.67,
33388,33388,FAULT,,117.18,68.12,-30.0,-0.00,-0.11,Run,242,0.0,6.009,14.67,
33438,33438,FAULT,,117.18,69.17,-30.0,-0.02,-0.20,Run,242,0.0,6.009,14.67,
33488,33488,FAULT,,117.18,69.93,-30.0,0.01,-0.23,Run,242,0.0,6.009,14.67,
33508,,IDLE,ENTER_IDLE,117.18,70.00,-30.0,,,Idle,,0.0,6.009,14.67,복구 완료 → 재원점 권장
