ID,Subsystem,Part,Specification,Qty,Purpose,Unit price (KRW),Total (KRW),Source,Source URL,Price status (verified 2026-09-28 / estimate),Lead time,Borrowable,Food zone,Notes
L01,Frame,"알루미늄 프로파일 4080 (슬롯8, 중량) 절단 — Z 이동 기둥만",Z 이동 기둥 500 ×1 = 0.5 m (교차빔 480 ×2는 합판 교차판 L86으로 대체),0.5,Z 이동 기둥 (MGN12 레일 장착 — 금속 유지),40290,20145,부품다모아 (DF4080 중량),https://hitc.kr/shop/item.php?it_id=1589529357,verified 2026-09-28 (search snippet),국내 1–5일 (추정),No,No,"[기계 합판 하이브리드] 교차빔을 합판으로 바꾸고 Z 기둥만 남김(원안 1.46 m 58,823원). [조건부 절감 C14: [조건부] 4080 판매처 kg단가 견적 (약 25,000원/m 가정), −7,645원 — 총액 미반영] 검색 결과 DF4080(중량) 40,290원/m (기계 부품 M01)"
L02,Frame,[원안·미포함] 알루미늄 프로파일 2040 (슬롯6) 절단,원안: 베이스·타워 다리·수평 타이·베드 틀 9.72 m,0,합판 18T(L86)로 대체,8800,0,옥션 판매자(절단 가공),http://itempage3.auction.co.kr/DetailView.aspx?itemno=B752308206,verified 2026-09-28 (search snippet),국내 1–5일 (추정),No,No,"[기계 합판 하이브리드] 베이스·A-프레임 타워·베드 틀을 합판 18T로 대체 → 미구매 (원안 85,536원). C14 조건부 절감 중 2040 몫(32,076원)도 소멸"
L03,Frame,[원안·미포함] 알루미늄 프로파일 2020 (슬롯6) 절단,원안: 베드 가로대·무릎 가새·가드 틀 2.82 m,0,합판 베드·뒷벽·측판으로 대체,2870,0,동진프로파일 (다아라),https://exhi.daara.co.kr/2020_daara/view.php?idx=264811,verified 2026-09-28 (search snippet),국내 1–5일 (추정),No,No,"[기계 합판 하이브리드] 옆힘은 합판 뒷벽(격막), 가드 틀은 합판 측판 모서리에 경첩 → 미구매 (원안 8,093원)"
L04,Frame,[원안·미포함] 20시리즈 연결 세트 (슬롯6),원안: L브라켓 20 + M5 T너트 40 + M5 볼트 40 / 세트 ×2,0,목재 체결 자재(L88)로 대체,12000,0,알리/국내,,estimate,알리 7–20일 (추정·확인 필요),No,No,"[기계 합판 하이브리드] 20시리즈 프로파일이 없어짐 → 미구매 (원안 24,000원)"
L05,Frame,40시리즈 연결 부품 (슬롯8) — Z 기둥용,"M3 슬롯8 T너트 ×10(MGN12 레일), M8 끝단 볼트 ×2(헤드 브래킷, 중심구멍 탭), M5 T너트·볼트 ×4(Z 모터 브래킷)",1,4080 Z 기둥 체결,5000,5000,국내 프로파일몰,https://www.yjprofile.co.kr/goods/goods_view.php?goodsNo=1000000038,estimate,국내 1–5일 (추정),No,No,"[기계 합판 하이브리드] 교차빔–다리 체결 삭제, Z 기둥 체결만 (원안 12,000원) (기계 부품 M04)"
L06,Frame,[원안·미포함] 각도(피벗) 조인트,원안: 20시리즈용 ×8,0,경사 다리 없음,2000,0,국내/알리,,estimate,국내 1–5일 (추정),No,No,"[기계 합판 하이브리드] 합판 측판(직사각)이라 각도 조인트 불필요 → 미구매 (원안 16,000원)"
L07,Frame,M8 볼트 + 고무 패드 (조절 발 대용),4조 — 합판 베이스 리브 끝 4곳,4,베이스 수평,750,3000,국내 프로파일몰,https://hitc.kr/shop/item.php?it_id=1589503877,estimate,국내 1–5일 (추정),No,No,"[기계 합판 하이브리드] 위치만 변경(리브 끝). [기계 합판 하이브리드] 위치만 변경(리브 끝). [기계 합판 하이브리드] 위치만 변경(리브 끝). [절감 적용 C7: 조절 발 → M8 볼트 + 고무 패드, −7,000원]  (기계 부품 M04)"
L08,Frame,합판 6T (레이저컷용),"600×1200 ×1 — 홀더 외피·팬 턱 받침·뚜껑, 알루미늄판 드릴 템플릿 (베드 데크는 18T L86으로 이동, X 스톱 블록은 18T 자투리)",1,홀더·템플릿,10000,10000,목재 재단몰,https://mol-ding.com/product/%EC%A0%88%EB%8B%A8%ED%8C%90%EB%A7%A4-%EC%9E%90%EC%9E%91%EB%82%98%EB%AC%B4-%ED%95%A9%ED%8C%90%EB%91%90%EA%BB%98%EC%84%A0%ED%83%9D-600mm-x-1200mm/25545/,estimate,국내 1–5일 (추정),Maybe (학교 자재),No,"[기계 합판 하이브리드] 2장 → 1장 (원안 20,000원). 레이저커터 작업 크기에 맞춰 재단 (기계 부품 M16)"
L86,Frame,구조용 내수 합판 18T 1220×2440 (CP),"1장 전부 사용(재단도: 기계 출력 §10.6): 측판 500×939 ×2, 베이스 1000×560 + 리브 80×1000 ×3, 베드 데크 650×400, 뒷벽 462×580, 교차판 462×270 ×2 + 앞 립 462×90 ×2, 클리트 60폭",1,브리지(측판·교차판·뒷벽)·베이스·베드 — 2040·2020·4080 교차빔 대체,28500,28500,대림목재 단가표 (CP합판 구조용 내수·방수 18T),https://daelimwood.com/category/%ED%95%A9%ED%8C%90%EB%B3%B4%EB%93%9C/331/,verified 2026-09-28 (search snippet),국내 1–5일 (추정),No,No,"[기계 합판 하이브리드] 검색 결과 CP 구조용 내수·방수 합판 18T 28,500원(1220×2440). 재단 여유 없음 → 판매처 재단(L87). 대형 재단품 배송은 L73 안에서 프로파일 판매처 2곳(L02·L03)을 대체한다고 가정 — 판매처 배송비 확인 필요. 전 면 방수 도장(L90)"
L87,Frame,합판 재단비 (판매처 패널쏘),"직선 16컷 (대각 없음, 재단도: 기계 출력 §10.6)",16,L86 재단,1000,16000,"국내 목재 재단 서비스 (검색 요약, 판매처 미특정)",,"estimate (search snippet: 합판 재단 1컷 1,000원)",국내 1–5일 (추정),No,No,"[기계 합판 하이브리드] [조건부 절감 C16: [조건부] 공작실 원형톱·테이블쏘로 직접 재단, −16,000원 — 총액 미반영] 판매처별 재단비 확인 필요"
L88,Frame,목재 체결 자재,"M6 관통볼트·너트·큰 와셔 ×24(Z 블록 마운트 6×2, 셀 마운트 4, 예비), M5 인서트 너트 ×30(SBR16·KFL08·너트 브래킷), 목공 나사 4×40 1갑, 내수 목공 본드(D3) 500 g, 2액 에폭시 소형",1,금속–나무·나무–나무 체결,20000,20000,국내 철물,,estimate,국내 1–5일 (추정),No,No,[기계 합판 하이브리드] 볼트 구멍은 볼트 지름과 같게(여유 0) — 여유가 있으면 미끄럼(히스테리시스)이 §4.2 보상 조건을 깬다. 나무–나무는 본드 + 나사
L89,Frame,알루미늄 앵글 40×40×4 × 1 m,"Z 블록 마운트 2곳(교차판 앞 가장자리, M6 6개씩), Z 너트 브래킷 받침, KFL08 받침",1,금속–나무 경계 부품,7000,7000,국내 금속 재단몰,,estimate,국내 1–5일 (추정),No,No,[기계 합판 하이브리드] 에폭시 + 볼트로 합판에 고정 권장. L20의 'Z 블록 마운트판'은 이 앵글로 대체 가능(C17)
L90,Frame,방수 도장 — 수성 우레탄 바니시 0.5 L + 붓,"전 합판 2회, 절단면(마구리) 먼저",1,결로·물방울 대책,9000,9000,국내,,estimate,국내 1–5일 (추정),No,No,[기계 합판 하이브리드] 차가운 팬·스쿱 주변 물방울 → 베드 데크·베이스 상면·측판 안쪽 우선
L09,X axis,스테퍼 NEMA17 17HS19-2004S1 (X),"48 mm, 2.0 A, 59 N·cm (검색 결과)",1,"X 베드 구동 (TR8 리드 4, 드래그 30 mm/s)",16457,16457,StepperOnline/eBay,https://www.omc-stepperonline.com/nema-17-bipolar-59ncm-84oz-in-2a-42x48mm-4-wires-w-1m-cable-connector-17hs19-2004s1,verified 2026-09-28 (search snippet),StepperOnline 국제배송 7–15일 (추정·확인 필요),No,No,검색 결과 US$12.19(판매처가 StepperOnline인지 eBay인지 불명확). 드라이버 전류 ≤ 1.5 A + 팬 (기계 부품 M09)
L10,X axis,TR8 리드스크류 리드 4 × 600 + 황동 너트,"Ø8, 2줄(리드 4)",1,X 드래그 구동,12000,12000,싸이피아/알리,https://scipia.com/product/cja-3-8mm-%EB%A6%AC%EB%93%9C%EC%8A%A4%ED%81%AC%EB%A5%98-500mm-%EB%84%88%ED%8A%B8-%EB%B3%BC%EC%8A%A4%ED%81%AC%EB%A5%98-3d%ED%94%84%EB%A6%B0%ED%84%B0/1169/,estimate,국내 1–5일 (추정),No,No,"싸이피아 300/400 mm+너트 11,000원 확인; 600 mm 리드 4 가격 미확인 (기계 부품 M07)"
L11,X/Z axis,KFL08 플랜지 베어링,8 mm,5,X 3개(모터 쪽 2개 양방향 고정 + 반대쪽 1) + Z 2개,2500,12500,알리/국내,https://www.ebay.com/itm/394728579451,estimate,알리 7–20일 (추정·확인 필요),No,No,검색 결과 이베이 개당 €1.88–2.09 → 국내·알리가 추정 (기계 부품 M07/M08)
L12,X/Z axis,커플러 5×8 + 축 칼라,"플렉시블 커플러 ×2, 칼라 ×2",1,스크류–모터 연결,6000,6000,알리/국내,,estimate,알리 7–20일 (추정·확인 필요),No,No,(기계 부품 M07/M08)
L13,X axis,SBR16 지지형 리니어 레일 세트,SBR16 800 mm ×2 + SBR16UU ×4 (US$22.56),1,"X 베드 안내 (레일 ≥ 800, 블록 4)",30456,30456,AliExpress,https://www.aliexpress.com/item/32272272007.html,verified 2026-09-28 (search snippet),알리 7–20일 (추정·확인 필요),No,No,Chief 결정: MGN12H 800×2(블록 4) 대신 SBR16(더 쌈; 베드 기울기 항 0.001 mm라 영향 작음). 블록 간격 280 mm로 배치 (기계 부품 M05)
L14,X axis,[대안·미포함] MGN12 800 mm + MGN12H,"레일 1 + 블록 1 (US$37.2), 2세트 + 블록 2 추가 필요",0,X 안내 대안,50220,0,AliExpress,https://www.aliexpress.com/item/32824493549.html,verified 2026-09-28 (search snippet),알리 7–20일 (추정·확인 필요),No,No,대안 — 총액 미포함 (기계 부품 M05)
L15,Z axis,스테퍼 NEMA17 17HS4401급 (Z),"40 mm, 1.7 A (판매 페이지 사양 확인 필요)",1,"Z 구동 (요구 0.090 N·m @ ≤ 600 rpm, 기계 §4)",6900,6900,11번가,https://www.11st.co.kr/products/5227024745,verified 2026-09-28 (search snippet),국내 1–5일 (추정),No,No,"[절감 적용 C2: Z 모터 → 17HS4401급 40 mm (Z 요구 0.090 N·m, 기계 §4), −9,557원]  (기계 부품 M09)"
L16,Z axis,TR8 리드 2 × 300 + 황동 너트,"Ø8, 1줄, 자립 (브레이크·가스스프링 없음)",1,Z 구동 + 정전 시 자립,5819,5819,AliExpress,https://www.aliexpress.com/item/32808282813.html,verified 2026-09-28 (search snippet),알리 7–20일 (추정·확인 필요),No,No,표기가는 200–500 mm 옵션 최저가일 수 있음. 정전 유지 시험(기계 §4.5) 조건 (기계 부품 M08)
L17,Z axis,MGN12 450 mm + MGN12H,레일 1 + 블록 1 (US$24.87),1,Z 안내 (기둥 뒷면 1줄),33575,33575,AliExpress,https://www.aliexpress.com/item/32869717841.html,verified 2026-09-28 (search snippet),알리 7–20일 (추정·확인 필요),No,No,(기계 부품 M06)
L18,Z axis,MGN12H 블록 추가,,1,"Z 블록 2개(교차빔마다 1개, 간격 220)",10000,10000,AliExpress,https://www.aliexpress.com/item/1005002153979286.html,estimate,알리 7–20일 (추정·확인 필요),No,No,단품 블록 가격 미확인 (기계 부품 M06)
L19,Theta axis,스테퍼 + 유성기어 17HS19-1684S-PG27,"NEMA17 48 mm, 26.85:1, 1.68 A; 유지토크 44 또는 52 N·cm(출처 불일치); 기어박스 3 N·m 연속 / 5 N·m 순간",1,스쿱 피치 θ,40730,40730,StepperOnline,https://www.omc-stepperonline.com/nema-17-stepper-motor-bipolar-l-48mm-w-gear-ratio-27-1-planetary-gearbox-17hs19-1684s-pg27,verified 2026-09-28 (search snippet),StepperOnline 국제배송 7–15일 (추정·확인 필요),No,No,전류 제한으로 출력 ≤ 5 N·m. E0에서 τ_close > 3 N·m이면 교체(기계 C-Gate) (기계 부품 M10)
L20,Head,알루미늄판 6–8 mm 절단품,"헤드 브래킷(Al 8), Z 블록 마운트판 ×2, Z 너트 브래킷, θ 모터 마운트, 상부 크랭크 ×2, 하부 레버판",1,헤드·Z 캐리지 (3D 프린트 금지 부위),30000,30000,판재 재단 + 템플릿 드릴 / DXF 외주,,estimate,국내 1–5일 (추정),No,No,기계 추정 2–5만 원. 재단 견적 확인 필요 (기계 부품 M11)
L21,Head,SK30 축 서포트,Ø30,2,스템 클램프 (60 mm 간격),10382,20764,AliExpress,https://www.aliexpress.com/item/1005001346037258.html,verified 2026-09-28 (search snippet),알리 7–20일 (추정·확인 필요),No,No,표기가 US$7.69는 SK25/30/35 옵션 중 최저가일 수 있음 → SK30 가격 확인 필요 (기계 부품 M12)
L22,Head,로드엔드 M8 강 (하부),"아연도금 강, 드립 우산 아래",2,push-rod 하부 관절,2500,5000,알리/국내,,estimate,알리 7–20일 (추정·확인 필요),No,"Yes (PoC, 시식 없음)","[절감 적용 C8: SUS 로드엔드 → 강 로드엔드 (PoC 한정, V1b에서 SUS 복귀), −17,220원]  (기계 부품 M12)"
L23,Head,로드엔드 M8 강 (상부),,2,push-rod 크랭크측 관절,2500,5000,알리/국내,,estimate,알리 7–20일 (추정·확인 필요),No,No,(기계 부품 M12)
L24,Head,핀 Ø8 304 · 플랜지 부싱 · 칼라,한쪽 하부 핀은 긴 구멍 ±0.3 mm,1,피벗·크랭크,8000,8000,국내,,estimate,국내 1–5일 (추정),No,Yes (PoC),(기계 부품 M12)
L25,Food module,스템 304 튜브 Ø30×3 × 250 + 볼트 캡 + 식품용 실리콘,"절단품, 용접 없음",1,스템 1벌,15000,15000,스텐 파이프 절단몰,https://dspp.co.kr/product/%EC%8A%A4%ED%85%90%ED%8C%8C%EC%9D%B4%ED%94%84-sus304-3t-1m-%EC%A0%88%EB%8B%A8%ED%8C%90%EB%A7%A4/7493/,estimate,국내 1–5일 (추정),No,Yes (PoC),Ø30×3 가격 미확인 (기계 부품 M13)
L26,Food module,304 환봉 Ø8 × 1 m,push-rod 200 ×2 + Y 인덱스 핀 ×2 절단,1,"이중 push-rod, 인덱스 핀",5200,5200,국내 스텐 환봉 절단몰,https://www.onezaze.com/goods/goods_view.php?goodsNo=1350,estimate,국내 1–5일 (추정),No,Yes (PoC),"검색 결과 8 mm 1 m 약 5,200원(판매처 매칭 불확실) (기계 부품 M13/M16)"
L27,Food module,아이스크림 스쿱 SUS304,코멧 키친 20호 (형상은 기계 확정),1,스쿱 1 + 예비 1,7990,7990,다나와 최저가,https://m.danawa.com/product/product.html?code=103886402,verified 2026-09-28 (search snippet),국내 1–5일 (추정),No,Yes,"[절감 적용 C9: 예비 스쿱 제외, −7,990원]  (기계 부품 M14)"
L28,Food module,스쿱 클램프·피벗 SUS 볼트류,M5/M6 SUS,1,볼트 체결,5000,5000,국내,,estimate,국내 1–5일 (추정),No,Yes,(기계 부품 M13)
L29,Sensors,싱글포인트 로드셀 20 kg — 수직 (Seeed 114990097),"2.0±0.15 mV/V, C2, 안전과부하 150 %, 플랫폼 350×350",1,F_z(표면 접촉 3 N) + 팬 질량(portion),12720,12720,아이씨뱅큐,https://www.icbanq.com/P005700352,verified 2026-09-28 (search snippet),국내 1–5일 (추정),No,No,"용량 판단: 기계안 30 kg 대신 20 kg. 수직 정상하중 ≈ 73 N(팬·홀더·상판) + F_z 50 N ≈ 123 N = 정격 196 N의 63 %. Z 최대 하강력 ~500 N은 30 kg(294 N)도 넘으므로 어느 쪽이든 기계식 스톱이 전제 → 분해능이 좋은 20 kg 선택. 스톱은 정격의 ~110–120 %(215–235 N)에서 닿게: 시작 간극 0.3 mm, 실제 간극은 분동으로 잰 셀 처짐에 맞춰 조정(셀 처짐 < 0.3 mm면 0.3 mm는 너무 큼)"
L30,Sensors,싱글포인트 로드셀 50 kg — X 수평 (Seeed 114990100 추정),"2.0±0.15 mV/V, C2, 안전과부하 150 %(= 735 N), 플랫폼 350×350",1,F_x(드래그) — [절감 3 채택: S-빔 50 kg 대체],15100,15100,아이씨뱅큐,https://www.icbanq.com/P005700381,verified 2026-09-28 (search snippet),국내 1–5일 (추정),No,No,"[Chief 채택: 절감 3] S-빔 대신 바형 셀 수평 장착. 용량 50 kg: F_JAM 329 N = 정격 490 N의 67 % → 스톱 없이도 파손 안 함, 기계식 스톱(간극 0.3 mm에서 시작, 정격 110 % 전에 닿게 조정)은 2중 보호. F_STOP 120 N + 관성 7 N에서는 스톱이 닿지 않아야 함(처짐 측정으로 확인). 판매 페이지 SKU 확인 필요"
L31,Sensors,HX711 로드셀 앰프 모듈,"24-bit, 10/80 SPS(RATE 핀), 게인 128",2,셀 2개 각각 채널 A,2750,5500,아이씨뱅큐 (C50),https://www.icbanq.com/P016195862,verified 2026-09-28 (search snippet),국내 1–5일 (추정),No,No,"Chief 결정: 80 SPS(RATE=DVDD) — 모듈이 RATE를 GND에 묶었으면 패턴 수정. 에일리어싱은 제어 T6에서 확인, 나오면 고무 패드 감쇠"
L32,Sensors,Arduino Nano 호환 (CH340),ATmega328P 5 V,1,"HX711 ×2 + MAX31855 + 인터록 스위치 3 + 발판 보조접점 읽기, NPN으로 GRBL 도어·프로브 구동",8700,8700,아이씨뱅큐 (DM63),https://www.icbanq.com/P012409445,verified 2026-09-28 (search snippet),국내 1–5일 (추정),No,No,
L33,Sensors,X 부동 판스프링 플렉셔 + 과부하 스톱 + 스페이서,"스테인리스 박판 0.5–1 mm 또는 스프링강 띠 ×2, M6 셋스크류 스톱 ×4(수직 2·X 2), 단열 스페이서",1,X 부동 + 셀 보호 — [절감 5 채택: MGN9 150×2 대체],10000,10000,국내,,estimate,국내 1–5일 (추정),No,No,"[Chief 채택: 절감 5] 조건: 플렉셔가 F_x 일부를 가져가므로 현장 교정(도르래 + 무게 잰 물병, 0→120 N 3회). 플렉셔 강성이 셀 강성의 1 % 이하가 되게 얇게. 스톱 간극 0.3 mm에서 시작해 셀 처짐 측정 후 조정 (기계 부품 M15)"
L34,Sensors,4심 쉴드 케이블 + 커넥터,"22–24 AWG 4C+실드, JST-XH",1,로드셀 → HX711,8000,8000,국내,,estimate,국내 1–5일 (추정),No,No,
L35,Sensors,MAX31855K 열전대 모듈,"K형, 14-bit, 0.25 °C, 판독 −270~+1800 °C",1,팬/아이스크림 온도,11000,11000,아이씨뱅큐 (JK전자),https://www.icbanq.com/P007421215,verified 2026-09-28 (search snippet),국내 1–5일 (추정),No,No,MAX6675는 0 °C 이상만 → 사용 불가. NIST 보정 필요(−14 °C에서 보정 없으면 +1.4–1.5 °C)
L36,Sensors,K형 열전대 프로브 (DFRobot SEN0139),K형,1,팬 표면/아이스크림 온도,5350,5350,아이씨뱅큐,https://www.icbanq.com/P005637307,verified 2026-09-28 (search snippet),국내 1–5일 (추정),No,Yes (탐침 끝),범위·시스·비접지형 여부 확인 필요
L37,Container,젤라토 팬 SUS 360×165×120 (~5 L),아이스크림 전용 1개 (점토는 플라스틱 박스),1,시험 용기 (레인 270 mm),25000,25000,업소용 주방몰,,estimate,국내 1–5일 (추정),No,Yes,"[조건부 절감 C15: [조건부·기계 결정] 남은 젤라토 팬 → GN 1/3 × 150 밧드 (레인 235 mm, 64 N), −15,100원 — 총액 미반영] [절감 적용 C6: 점토 전용 팬 → 같은 내부치수 플라스틱 박스, −20,000원] 국내 판매가 확인 못함(검색 결과는 미국 판매처뿐) → 추정. 기계 문서 가정 2–4만 원/개"
L38,Container,플라스틱 보관 박스 (점토 전용),"내부 약 360×165×120 이상, 뚜껑",1,오일 점토 디버깅 용기 (식품 팬 오염 방지),5000,5000,국내 생활용품점,,estimate,국내 1–5일 (추정),Maybe,No,[절감 적용 C6의 대체품]
L39,Container,[대안·미포함] 스텐 밧드 GN 1/3 × 150 (325×176×150),"국산, 뚜껑 별도 3,500원",0,"젤라토 팬 대안 (레인 235 mm, 힘 64 N — 기계 확인 필요)",9900,0,주방몰(검색 결과),https://jbonecook.co.kr/product/%EA%B5%AD%EC%82%B0-%EC%8A%A4%ED%85%90%EB%B0%A7%EB%93%9C-4%EC%9D%B8%EC%B9%98-13%EB%B0%A7%EB%93%9C325x176x100/7634/,estimate,국내 1–5일 (추정),No,Yes,"대안 — 총액 미포함. 검색 결과 '6인치 1/3밧드 325×176×150 9,900원' 표기, 상품 URL 확정 못함(링크는 같은 판매처 4인치 상품)"
L40,Cold chain,XPS 아이소핑크 50T 900×1800,1장,1,단열 홀더 (하중 받지 않게),9500,9500,비제이건축자재,https://gunjajae.imweb.me/27/?idx=94,verified 2026-09-28 (search snippet),국내 1–5일 (추정),No,No,근처 건재상 구매 권장 (기계 부품 M16)
L41,Cold chain,홀더 접착제·알루미늄 테이프,외피는 합판 6T(L-합판 행),1,홀더 제작,5000,5000,국내,,estimate,국내 1–5일 (추정),No,No,
L42,Cold chain,보냉팩 (젤),소형,0,홀더 벽 보냉,1000,0,국내,,estimate,국내 1–5일 (추정),No,No,"[절감 적용 C5: 보냉팩 제외 (XPS 50 + 뚜껑으로 수십 분, 시험 사이 냉동고 복귀), −6,000원]"
L43,Control,[옵션 A·확정] Arduino Uno R3 호환 (CH340),"GRBL 1.1h (X, Y→θ, Z), 도어·반전 컴파일 옵션",1,모션 보드 (제어 담당 확정),10500,10500,아이씨뱅큐,https://www.icbanq.com/P011849489,verified 2026-09-28 (search snippet),국내 1–5일 (추정),No,No,"USB 급전 허용. 마이크로스텝 X·Z 1/4, θ 1/8 (제어 §2.3)"
L44,Control,[옵션 A·확정] CNC Shield V3,스텝스틱 4소켓,1,드라이버 베이스,2970,2970,아이씨뱅큐,https://www.icbanq.com/P014407718,verified 2026-09-28 (search snippet),국내 1–5일 (추정),No,No,
L45,Control,[옵션 A·확정] DRV8825 드라이버 5개 (알리),"최대 45 V, 1/32 스텝 (확인 필요)",1,X·Z·θ + 예비 2,8000,8000,AliExpress,https://www.aliexpress.com/w/wholesale-driver-drv8825.html,estimate,알리 7–20일 (추정·확인 필요),No,No,"[절감 적용 C1: DRV8825를 알리 5개 묶음으로 (기능 동일, 리드타임 +1–3주), −23,900원] 17HS19-2004S1(2.0 A)은 1.5 A 이하 + 방열판·팬으로 운전"
L46,Control,[옵션 B·미포함] BTT SKR Mini E3 V3.0,"32-bit, TMC2209 ×4 온보드",0,모션 보드 대안,53703,0,AliExpress,https://www.aliexpress.com/item/1005003519869375.html,verified 2026-09-28 (search snippet),알리 7–20일 (추정·확인 필요),No,No,대안 — 총액 미포함(제어 담당이 GRBL 확정). Klipper는 리눅스 호스트 필요
L47,Control,리미트 스위치 (기계식 엔드스탑) — GRBL,3핀 케이블 포함,4,X 홈·X 끝(D9 병렬)·Z 상단(D12)·θ 홈(D10),1200,4800,아이씨뱅큐,https://www.icbanq.com/P007320876,verified 2026-09-28 (search snippet),국내 1–5일 (추정),No,No,"[빼지 않음] Z 리밋은 VARIABLE_SPINDLE 기본 시 D12(쉴드 표기와 다름, 제어 §12-10)"
L48,Control,인터록 마이크로스위치 — Nano 입력,엔드스탑 모듈 또는 레버 마이크로스위치; 플래그는 3D 프린트,3,"Z-높이(Nano A0), X-창(A1), 레인 핀(A2) — 제어 §3·§8.2 R7 이중화",1200,3600,아이씨뱅큐,https://www.icbanq.com/P007320876,verified 2026-09-28 (search snippet),국내 1–5일 (추정),No,No,[빼지 않음] 제어 담당 추가 요청. 실제 위치를 보는 R7 인터록
L49,Control,NPN 인터페이스 부품,"NPN(2N2222A/2N3904급) ×5, 저항 4.7 kΩ·100 kΩ·10 kΩ, 0.1 µF, 만능기판 + 단자대",1,"Nano D7→NPN→Uno A1(도어, 발판 NO와 직렬), Nano D6→NPN→Uno A5(프로브) — 반전 극성",5000,5000,국내,,estimate,국내 1–5일 (추정),No,No,[빼지 않음] 제어 담당 요청. 베이스–이미터 100 kΩ로 Nano 무전원 시 OFF(=정지). 이미터는 Uno GND
L50,Control,[선택·미포함] 24→12 V 강압 모듈 (Uno·Nano VIN 급전),LM2596급,0,USB가 빠져도 보드 유지(제어 §1.1 ⑤),3000,0,국내/알리,,estimate,국내 1–5일 (추정),No,No,선택 — 총액 미포함. 기본은 USB 급전
L51,Control,드라이버 냉각팬 40 mm 24 V + 방열판,,1,드라이버 냉각,4000,4000,국내,,estimate,국내 1–5일 (추정),No,No,
L52,Control,"USB 케이블 (Uno B형, Nano mini-B)",,2,노트북 연결,2000,4000,국내,,estimate,국내 1–5일 (추정),No,No,
L53,Power,Mean Well LRS-150-24,24 V 6.5 A 156 W,1,모터 전원 + 릴레이 코일,23000,23000,아이씨뱅큐,https://www.icbanq.com/P013749268,verified 2026-09-28 (search snippet),국내 1–5일 (추정),No,No,[빼지 않음] VAT 포함 여부 확인 필요
L54,Power,AC 인렛 C14 (스위치+퓨즈) + 전원코드 + 지연형 퓨즈,,1,주전원 차단·보호,7000,7000,국내,,estimate,국내 1–5일 (추정),No,No,[빼지 않음]
L55,Power,DC 인라인 블레이드 퓨즈홀더 ×2 + 퓨즈,"F1 1 A (코일), F2 5 A (모터 버스)",1,24 V 분기 보호,3000,3000,국내,,estimate,국내 1–5일 (추정),No,No,[빼지 않음]
L56,Power,배선 자재,"실리콘선 18AWG, 22AWG, XH/듀폰, 페룰, 수축튜브, 단자대",1,전원·신호 배선,20000,20000,국내,,estimate,국내 1–5일 (추정),No,No,
L57,Power,케이블 체인 10×10 1 m (베드),"오픈형 (기계는 10×15 권장, 가격 확인 필요)",1,이동 베드 USB,6800,6800,11번가,https://www.11st.co.kr/products/5654087372,verified 2026-09-28 (search snippet),국내 1–5일 (추정),No,No,(기계 부품 M19)
L58,Power,스파이럴 튜브 (Z·θ 서비스 루프),"Ø10–15, 1 m",1,Z 기둥 모터선,2000,2000,국내,,estimate,국내 1–5일 (추정),No,No,"[절감 적용 C3: Z·θ 체인 → 스파이럴 튜브 서비스 루프 (Z 행정 195 mm), −4,800원]  (기계 부품 M19)"
L59,Safety,비상정지 스위치 22Φ 버섯형 1NO1NC + 박스,회전 해제형,1,범주 0: 모터 전원 차단,18300,18300,파츠-파츠/알파이플러스 목록,https://parts-parts.co.kr/category/%EB%B9%84%EC%83%81%EC%A0%95%EC%A7%80-%EC%8A%A4%EC%9C%84%EC%B9%98/199/,estimate,국내 1–5일 (추정),No,No,"[빼지 않음] 목록가 13,200–28,200원"
L60,Safety,제어 릴레이 K1 LY2N-DC24 + 소켓,2c,1,E-stop → 모터 24 V 개폐 + 자기유지,10000,10000,엘레파츠,https://eleparts.co.kr/goods/view?no=370273,estimate,국내 1–5일 (추정),No,No,[빼지 않음] 접점 DC 정격 확인 필요
L61,Safety,리셋(기동) 푸시버튼 22Φ NO,,1,자동 재기동 방지,3000,3000,국내,,estimate,국내 1–5일 (추정),No,No,[빼지 않음]
L62,Safety,Hold-to-run 발판 스위치,KACON — NO 주접점 + 보조 접점(2회로) 모델,1,"허가선: 발판 NO와 Nano NPN 직렬 → Uno A1(도어), 보조 접점 → Nano A3(기록)",8450,8450,11번가,https://www.11st.co.kr/products/1228265236,verified 2026-09-28 (search snippet),국내 1–5일 (추정),No,No,"[빼지 않음] 제어 담당 요청으로 NC → NO(밟으면 닫힘)로 변경, 보조 접점은 Nano A3. 2회로 모델 가격 확인 필요"
L63,Safety,가드 정면 창 투명 아크릴 3T 900×600,1장 → 정면 창 462×580(경첩) + 나머지 438×600에서 X 나사 끝·Z 너트 덮개. 옆면은 합판 측판(L86)이 가드 겸용,1,브리지 정면 관찰창 (측면은 합판 측판),27600,27600,도매꾹,https://mobile.domeggook.com/49771430?market=dome,verified 2026-09-28 (search snippet),국내 1–5일 (추정),No,No,"[기계 합판 하이브리드] 2장 → 1장(원안 55,200원). 브리지 옆 핀치 구간은 18T 측판 500×939가 막음, 베드–측판 틈 31 mm. [빼지 않음] 학교 레이저커터로 절단(폴리카보네이트는 레이저 불가) (기계 부품 M18)"
L64,Safety,가드 경첩·손잡이·고정구,정면 창 경첩 1조 + 손잡이 + 자석 캐치,1,정면 창 설치,4000,4000,국내,,estimate,국내 1–5일 (추정),No,No,[기계 합판 하이브리드] 정면 창용. [빼지 않음] (기계 부품 M18)
L65,Misc,볼트·너트·와셔 세트,"M3–M8, 식품영역 SUS",1,프로파일 외 조립,20000,20000,국내,,estimate,국내 1–5일 (추정),No,No,
L66,Misc,PETG 필라멘트 1 kg (eSUN),1.75 mm,1,"컵 받침, 스위치 마운트, 케이블 가이드, 드립 우산, Z 손잡이",21700,21700,다나와 최저가,https://prod.danawa.com/info/?pcode=4908695,verified 2026-09-28 (search snippet),국내 1–5일 (추정),No,No,"[조건부 절감 C13: [조건부] 필라멘트 학교 지급 (기계 M17), −21,700원 — 총액 미반영]  (기계 부품 M17)"
L67,Misc,종이컵 (시험용),약 50개,1,배출 목표,5000,5000,국내,,estimate,국내 1–5일 (추정),No,Yes,
L68,Misc,그리스·나사고정제,,1,조립 소모품,4000,4000,국내,,estimate,국내 1–5일 (추정),No,No,"[절감 적용 C4: 탭·드릴 비트는 공작실 것 사용 (그리스·나사고정제만 구매), −6,000원]  (기계 부품 M20)"
L69,Test consumables,하드 아이스크림 라벨리 바닐라 4 L 벌크,가정: E0 1통 + V1-L 3통; 1통 ≈ 20 portion(밀도 0.55–0.6 kg/L 가정),2,E0 + V1-L 시험 (시식 없음·폐기),23390,46780,SSG.COM,https://www.ssg.com/item/itemView.ssg?itemId=1000050961054,verified 2026-09-28 (search snippet),국내 1–3일 냉동배송 (추정),No,Yes,"[절감 적용 C12: 아이스크림 3통 → 2통 (E0 1 + V1-L 1; 배출 50회 시험 K2에는 부족 → 점토로 일부 대체), −23,390원] [절감 적용 C11: 아이스크림 4통 → 3통, −23,390원]"
L70,Test consumables,오일 점토 (유토),팬 바닥 폼 스페이서 + 점토층 ~30 mm,2,디버깅 모사재,10000,20000,화방,https://www.homi.co.kr/mobile/m_goods_detail.php?ps_ctid=12020200&ps_goid=4467,estimate,국내 1–5일 (추정),No,No,"[절감 적용 C10: 점토 3 kg → 2 kg, −10,000원]"
L71,Test consumables,위생·청소 소모품,"니트릴 장갑, 키친타월, 세정제",1,시험 위생,10000,10000,국내,,estimate,국내 1–5일 (추정),No,No,
L72,Test consumables,교정 하중 (분동 대용),"2 L 생수 ×6 (≈12 kg, 빌린 주방 저울로 개별 계량) + 소형 도르래 + 끈 + S고리",1,"셀 교정(수직·X), 스쿱 끝 강성 M1(0→120 N), Z 정전 유지 시험 +5 kg",8000,8000,국내,,estimate,국내 1–5일 (추정),No,No,푸시풀 게이지 대신. X 셀은 도르래로 수평 하중
L73,Shipping,배송비,"국내 약 10곳 × 3,000–4,000원 + 냉동배송 + StepperOnline 국제배송(모터 3개 1건, 미확인) + 알리 일부",1,R8: 배송비 포함,50000,50000,-,,estimate,-,No,No,
L74,Contingency,예비비,≥ 10만 원 (가능하면 15만),1,가격 변동·파손·추가 부품,100000,100000,-,,n/a (allowance),-,No,No,
L75,Borrowed (0원),학생 노트북,USB 2포트 이상,1,호스트,0,0,학교/팀 보유,,n/a (borrowed/owned),-,Yes,No,힘 측정 중 배터리 구동 권장
L76,Borrowed (0원),냉동고 (체스트형),보관·템퍼링,1,−14 °C 템퍼링,0,0,학교/팀 보유,,n/a (borrowed/owned),-,Yes,No,빌림 0원 가정
L77,Borrowed (0원),멀티미터,,1,"배선 검사, HX711 여기전압·드라이버 Vref",0,0,학교/팀 보유,,n/a (borrowed/owned),-,Yes,No,
L78,Borrowed (0원),납땜 장비,,1,헤더·커넥터,0,0,학교/팀 보유,,n/a (borrowed/owned),-,Yes,No,
L79,Borrowed (0원),3D 프린터,FDM,1,비하중 부품,0,0,학교/팀 보유,,n/a (borrowed/owned),-,Yes,No,
L80,Borrowed (0원),레이저 커터,≤ 6 mm 합판·아크릴,1,데크·홀더·가드·템플릿,0,0,학교/팀 보유,,n/a (borrowed/owned),-,Yes,No,
L81,Borrowed (0원),공구,"드릴, 탭 핸들, 육각렌치, 스퀘어",1,조립·탭 가공,0,0,학교/팀 보유,,n/a (borrowed/owned),-,Yes,No,R9
L82,Borrowed (0원),주방 저울,1 g 단위,1,물병 교정 하중 계량,0,0,학교/팀 보유,,n/a (borrowed/owned),-,Yes,No,"M1급 분동 구매 시 1 kg 35,200원(11번가 검색 결과 http://m.11st.co.kr/products/m/1799706016)"
L83,Borrowed (0원),다이얼 게이지 + 마그네틱 베이스,0.01 mm,1,"스쿱 끝 강성 M1, 레일 직각",0,0,학교/팀 보유,,n/a (borrowed/owned),-,Yes,No,학과 공작실·실험실에서 대여
L84,Borrowed (0원),기준 온도계,±0.5 °C급,1,열전대 오프셋 교정,0,0,학교/팀 보유,,n/a (borrowed/owned),-,Yes,No,
L85,Borrowed (0원),푸시풀 게이지,(사지 않음),1,힘 플랫폼·물병 하중으로 대체,0,0,학교/팀 보유,,n/a (borrowed/owned),-,Yes,No,빌릴 수 있으면 교차 검증
SUM-A,합계,기계 확정안(합판 하이브리드) 구매+배송 (절감 C1–C12 전),,,,,1036653,,,,,,,"Chief 채택 절감 3·5 포함, [기계 합판 하이브리드] 반영"
SUM-B,합계,적용 절감 C1–C12 후 구매+배송,,,,,877406,,,,,,,"목표 88만 원 충족 (여유 2,594원) [기계 합판 하이브리드]"
SUM-C,합계,예비비,,,,,100000,,,,,,,하한 10만 원
SUM-D,합계,총액 (SUM-B + 예비비),,,,,977406,,,,,,,R8 100만 원 이내
SUM-E,합계,조건부 절감 C13–C18까지 실현 시 구매+배송,,,,,788961,,,,,,,"조건부: C14 −7,645 (L01); C16 −16,000 (L87); C15 −15,100 (L37); C13 −21,700 (L66); C17 −18,000 (L20, 행 미수정: 알루미늄판 공작실 재단·드릴(판재만 구매 약 12,000원 가정)); C18 −10,000 (L73, 행 미수정: 주문 묶음 배송(프로파일 판매처 3→1곳, 알리 묶음) — L73 재산정 필요)"
SUM-F,합계,SUM-E + 예비비,,,,,888961,,,,,,,
